pred_dir,name,key,category,model_id,cd_score,p2s_score,final_score,cd_pred,cd_noisy,p2s_pred,p2s_noisy
results_official_low_ft19_alpha_a550,results_official_low_ft19_alpha_a550,shapenet/03642806/13f5cbc78856f977927930e64238782e,shapenet,03642806,42.2419929740229,65.2830786780616,53.76253582604225,0.00015818972303833752,0.0002738836244249053,5.08235752931796e-05,0.0001463942462578416
results_official_low_ft19_alpha_a550,results_official_low_ft19_alpha_a550,shapenet/03642806/1a46d6683450f2dd46c0b76a60ee4644,shapenet,03642806,59.33296713907248,80.67687541715654,70.00492127811451,0.0001326410401848408,0.00032616355522775546,4.2912335629807785e-05,0.00022207762231118977
results_official_low_ft19_alpha_a550,results_official_low_ft19_alpha_a550,shapenet/03642806/1bb2e873cfbef364cef0dab711014aa8,shapenet,03642806,52.834942688296024,70.42137021795192,61.62815645312397,0.00014387279967477398,0.0003050410788731769,6.163061334518716e-05,0.00020836196199525148
results_official_low_ft19_alpha_a550,results_official_low_ft19_alpha_a550,shapenet/03642806/2134ad3fc25a6284193a4c984002ed32,shapenet,03642806,42.806385496691604,65.87287489744828,54.339630197069944,0.00010716620044655143,0.00018737441474406613,3.321405529277399e-05,9.732450416777283e-05
results_official_low_ft19_alpha_a550,results_official_low_ft19_alpha_a550,shapenet/03642806/283a115028fffe6e4e67e2e8459ebde,shapenet,03642806,33.15778857247913,43.7298742950031,38.44383143374111,0.0002545443471210944,0.00038081377274165276,0.0001491046859882772,0.0002649801899679005
results_official_low_ft19_alpha_a550,results_official_low_ft19_alpha_a550,shapenet/03642806/28fbfd8b8c9c6f16e1e44e2fc05361d9,shapenet,03642806,26.016175481506153,58.83018761724226,42.423181549374206,0.00014460047491922793,0.0001954487698633124,2.730139203777071e-05,6.631410360569134e-05
results_official_low_ft19_alpha_a550,results_official_low_ft19_alpha_a550,shapenet/03642806/2d38fa685e71721986a7e0484f5238e4,shapenet,03642806,37.42677387850439,56.12436664535537,46.775570261929886,0.00015613743424236699,0.00024952754383991964,6.615045276703313e-05,0.00015076808631420135
results_official_low_ft19_alpha_a550,results_official_low_ft19_alpha_a550,shapenet/03642806/2d47af483371ff60672faaae04fc887,shapenet,03642806,39.911006640822066,62.3021244238235,51.10656553232278,0.00013248148412853454,0.00022047545935182395,4.5983935706317425e-05,0.0001219801779370755
results_official_low_ft19_alpha_a550,results_official_low_ft19_alpha_a550,shapenet/03642806/2f9cc3e20647ebb1cb8118818e564f96,shapenet,03642806,30.33382850022014,52.03722447986445,41.18552649004229,0.00013085327802497002,0.00018782900683064448,4.027280738228001e-05,8.396679913857952e-05
results_official_low_ft19_alpha_a550,results_official_low_ft19_alpha_a550,shapenet/03642806/454a88f4b2fe4472f9cacf0b2853f40,shapenet,03642806,40.244635485859895,60.84799759009316,50.54631653797652,0.00013621523598734677,0.00022795482396415422,4.9022884923033416e-05,0.00012521169264800847
results_official_low_ft19_alpha_a550,results_official_low_ft19_alpha_a550,shapenet/03642806/4e8737495201fa3f71f82dc8af2fe0e0,shapenet,03642806,30.090337223916407,54.194526969426946,42.142432096671676,0.00013681077741364218,0.00019569652031055964,3.9755850593792275e-05,8.679279562784359e-05
results_official_low_ft19_alpha_a550,results_official_low_ft19_alpha_a550,shapenet/03642806/5363c4a882e17c9088557758112e80be,shapenet,03642806,29.31356400773678,47.09975724290355,38.20666062532017,0.0001234268902697578,0.00017461184530970998,4.578074367600493e-05,8.654165139887482e-05
results_official_low_ft19_alpha_a550,results_official_low_ft19_alpha_a550,shapenet/03642806/593d32126cea601d5a952e55d06611ce,shapenet,03642806,58.06217699990499,77.91525224695589,67.98871462343044,0.00013802784616393776,0.0003291249671296125,5.15329884365201e-05,0.0002333419834030792
results_official_low_ft19_alpha_a550,results_official_low_ft19_alpha_a550,shapenet/03642806/5d544ee4b094c6606436916a86a90ed7,shapenet,03642806,34.15050267162588,51.68670181920652,42.918602245416196,0.0001684892155790164,0.0002558701621347313,7.414935680571944e-05,0.0001534760813228786
results_official_low_ft19_alpha_a550,results_official_low_ft19_alpha_a550,shapenet/03642806/606f4b61d81085d1adbb6cf5d72fbe37,shapenet,03642806,32.52073702224827,52.25032743515219,42.38553222870023,0.00011351556507376148,0.0001682228881355568,3.9948477933648974e-05,8.366230758838356e-05
results_official_low_ft19_alpha_a550,results_official_low_ft19_alpha_a550,shapenet/03642806/62b25a5e3119b8409023147b38c03c9f,shapenet,03642806,34.13948871424341,53.65909193206524,43.899290323154325,0.00015988951429875191,0.00024276992567673954,6.0077472880948335e-05,0.00012964241614099592
results_official_low_ft19_alpha_a550,results_official_low_ft19_alpha_a550,shapenet/03642806/645a52293092eceea37e4476f3cf2752,shapenet,03642806,41.51673208896324,59.25812059359552,50.38742634127938,0.00017960484456650526,0.0003071046659699583,7.785024354234338e-05,0.00019108162086922675
results_official_low_ft19_alpha_a550,results_official_low_ft19_alpha_a550,shapenet/03642806/679bb4a724b1e2bc3339d8259ddfa7bb,shapenet,03642806,27.760648634498974,47.45556859772457,37.60810861611177,0.00013714373971875811,0.00018984630554732962,4.524043470155448e-05,8.60993895912543e-05
results_official_low_ft19_alpha_a550,results_official_low_ft19_alpha_a550,shapenet/03642806/69850d70fcaf5a464161e123a102b12b,shapenet,03642806,34.104405248556546,53.72026380091253,43.91233452473453,0.00013080586326948046,0.00019850471607833108,4.8070189222926274e-05,0.00010386876238044351
results_official_low_ft19_alpha_a550,results_official_low_ft19_alpha_a550,shapenet/03642806/6ae14173f5bface824a85bcf396c330,shapenet,03642806,52.055410120334365,61.136931260165326,56.59617069024985,0.00016788627683405678,0.000350167301994716,0.00011023772094631568,0.0002836567582562566
results_official_low_ft19_alpha_a550,results_official_low_ft19_alpha_a550,shapenet/03642806/6b61ef17b4f45050b598e8984f11eb0c,shapenet,03642806,42.39466249065209,58.940383885809254,50.667523188230675,0.0001409357895480176,0.00024465751897581925,6.244601536309347e-05,0.00015208621334750205
results_official_low_ft19_alpha_a550,results_official_low_ft19_alpha_a550,shapenet/03642806/71907a4a567dce3bb0de1e7a6809fd90,shapenet,03642806,39.25414199151267,57.48891657121283,48.371529281362754,0.00014762257014546033,0.0002430166845693985,5.7938395912060514e-05,0.0001362900948151946
results_official_low_ft19_alpha_a550,results_official_low_ft19_alpha_a550,shapenet/03642806/760b1f82f7133ca1de7d2830be38218d,shapenet,03642806,37.84121238092416,52.18910830680245,45.01516034386331,0.00022842729802968165,0.0003674899507846576,0.00012235583562869579,0.00025591623852960765
results_official_low_ft19_alpha_a550,results_official_low_ft19_alpha_a550,shapenet/03642806/8489cb783d249651b674654e7bbe623d,shapenet,03642806,34.41093140733918,57.15645679130876,45.78369409932397,0.00011776563733634534,0.0001795507084690068,3.743613706319593e-05,8.737871394259855e-05
results_official_low_ft19_alpha_a550,results_official_low_ft19_alpha_a550,shapenet/03642806/8ac9eb2b975c0d12b5328fde615e4a0c,shapenet,03642806,52.03373666059476,69.85821247989716,60.945974570245966,0.0001419602401029437,0.00029595851379634263,6.029910946381278e-05,0.0002000515378313139
results_official_low_ft19_alpha_a550,results_official_low_ft19_alpha_a550,shapenet/03642806/90c01fd78513bb99c9b20aa1b8066c46,shapenet,03642806,53.15798395104867,78.54998327577265,65.85398361341066,0.00010692240612385787,0.00022826175118534762,3.006749648193363e-05,0.00014017469948157668
results_official_low_ft19_alpha_a550,results_official_low_ft19_alpha_a550,shapenet/03642806/928c86eabc0be624c2bf2dcc31ba1713,shapenet,03642806,29.861956245711742,46.358424008611046,38.110190127161395,0.0001695406987854274,0.00024172430497116856,6.592039426323026e-05,0.0001228904875461012
results_official_low_ft19_alpha_a550,results_official_low_ft19_alpha_a550,shapenet/03642806/93958423b98be8b538ff1b6d120c56aa,shapenet,03642806,34.454647741147014,47.58055051857721,41.01759912986211,0.00018457236120766722,0.00028159488788579616,9.333793423138559e-05,0.00017805973766371608
results_official_low_ft19_alpha_a550,results_official_low_ft19_alpha_a550,shapenet/03642806/950d3ea26d07b7dafdc319d8ace3a11,shapenet,03642806,51.173150029669316,69.69272611030621,60.43293806998776,0.0001524535147548206,0.0003122329514344217,6.0780752392020077e-05,0.00020054839842487127
results_official_low_ft19_alpha_a550,results_official_low_ft19_alpha_a550,shapenet/03642806/9d48ab8c41174e60888cad7f6c0e6001,shapenet,03642806,52.066923357064795,70.47804991905413,61.27248663805946,0.00013053318557573968,0.00027232382045515703,5.094705556984991e-05,0.0001725734764477238
results_official_low_ft19_alpha_a550,results_official_low_ft19_alpha_a550,shapenet/03642806/9ddc0f876f54a784f3655a2ce983ab1f,shapenet,03642806,37.79777229853226,59.39347314101684,48.59562271977455,0.00012736921988841982,0.00020476633168142045,4.7185512812575325e-05,0.00011620179429883137
results_official_low_ft19_alpha_a550,results_official_low_ft19_alpha_a550,shapenet/03642806/9e901676eeb65f352b1c9d869bc37167,shapenet,03642806,45.51430911248164,61.65532808145533,53.58481859696849,0.00018341737539654253,0.00033663402704242845,9.038588177645579e-05,0.0002357195335207507
results_official_low_ft19_alpha_a550,results_official_low_ft19_alpha_a550,shapenet/03642806/a874a1d28852062ec2743f037f439af3,shapenet,03642806,34.02292004306072,54.25532612733542,44.13912308519807,0.0001597252263351707,0.00024209199079349567,5.784314271295443e-05,0.00012644781963899732
results_official_low_ft19_alpha_a550,results_official_low_ft19_alpha_a550,shapenet/03642806/b210db4bca21536ed6daca3908cc94ab,shapenet,03642806,35.40681040102378,54.53927086154189,44.973040631282835,0.00015527337691489888,0.00024038660713134985,6.305109127424657e-05,0.00013869353279005736
results_official_low_ft19_alpha_a550,results_official_low_ft19_alpha_a550,shapenet/03642806/b806daf849a5dba289c212008d2a390e,shapenet,03642806,47.7293608818286,65.48949554889734,56.60942821536297,0.00015372987800347355,0.0002941036891780242,6.509810918942094e-05,0.0001886327372631058
results_official_low_ft19_alpha_a550,results_official_low_ft19_alpha_a550,shapenet/03642806/b95ca4fa91a57394e4b68d3b17c43658,shapenet,03642806,55.43987828665,74.79668648005877,65.11828238335438,0.00014338197834064698,0.0003217719629739935,5.462828994495794e-05,0.00021675042808055878
results_official_low_ft19_alpha_a550,results_official_low_ft19_alpha_a550,shapenet/03642806/bd879abd9b5c15d75d66db82418edc83,shapenet,03642806,36.55878706959118,66.0008896787264,51.279838374158786,9.618151486718691e-05,0.00015160730765455607,2.22552043851465e-05,6.545819633174688e-05
results_official_low_ft19_alpha_a550,results_official_low_ft19_alpha_a550,shapenet/03642806/c8309234b360aa2c747803756378b292,shapenet,03642806,48.05774007335173,69.17838442402527,58.6180622486885,0.00015893782072775618,0.000305989421623558,6.09864218859002e-05,0.00019786899792961776
results_official_low_ft19_alpha_a550,results_official_low_ft19_alpha_a550,shapenet/03642806/cb1e3a990782678b4b6682da890df381,shapenet,03642806,33.73044550988732,50.733957244078894,42.232201376983106,0.00015009846835616482,0.0002264968725247116,6.331053009489551e-05,0.00012850743951275945
results_official_low_ft19_alpha_a550,results_official_low_ft19_alpha_a550,shapenet/03642806/d7e7e6651a23afc68ba4e518219eb66a,shapenet,03642806,56.090674834662565,75.89149390968004,65.9910843721713,0.00012678017054127712,0.0002887317672587666,4.4151216570753604e-05,0.0001831354311434552
results_official_low_ft19_alpha_a550,results_official_low_ft19_alpha_a550,shapenet/03642806/e466c2c86a439c1faebff3b001eb4a27,shapenet,03642806,31.540913978837693,56.488331176068286,44.01462257745299,0.00012528260340549302,0.00018300361673944234,3.56296259269584e-05,8.188522042473778e-05
results_official_low_ft19_alpha_a550,results_official_low_ft19_alpha_a550,shapenet/03642806/e55ececde88255b93e73f3893a7337bb,shapenet,03642806,33.3893597999827,55.17655420222627,44.282957001104485,0.00017323172200924865,0.0002600661418191919,6.319671956589445e-05,0.00014099031977821141
results_official_low_ft19_alpha_a550,results_official_low_ft19_alpha_a550,shapenet/03642806/e6329b09d7920f006f729e50d852de2e,shapenet,03642806,45.236182586248766,62.71659732884611,53.97638995754744,0.00014958017990742252,0.00027313687571725565,6.521985051222146e-05,0.00017492998449597508
results_official_low_ft19_alpha_a550,results_official_low_ft19_alpha_a550,shapenet/03642806/e9bb4175bc73a2eeb60886b233d6cbd8,shapenet,03642806,52.89783402777965,71.87716986734117,62.38750194756041,0.00012588613689341405,0.00026726188551001766,4.8600344598526135e-05,0.00017281455802731216
results_official_low_ft19_alpha_a550,results_official_low_ft19_alpha_a550,shapenet/03642806/ec3223edbdef2db93334fb6668ccd834,shapenet,03642806,60.884775366659284,75.5513518078801,68.21806358726968,0.00012034269570058108,0.00030766203397437306,5.3793035476701334e-05,0.00022002457990311086
results_official_low_ft19_alpha_a550,results_official_low_ft19_alpha_a550,shapenet/03642806/f28fe2f836cb0dfaa8f4918d18e28074,shapenet,03642806,39.54636902442815,58.88045735519967,49.213413189813906,0.00018000231351435092,0.0002977526917896568,7.166258001234382e-05,0.00017427864077035338
results_official_low_ft19_alpha_a550,results_official_low_ft19_alpha_a550,shapenet/03642806/fae8d4929159d0df7d14ad32b7473fd2,shapenet,03642806,53.23725939400069,72.57629838934938,62.90677889167503,0.0001637742386699871,0.00035022378189907905,6.556258449563757e-05,0.00023907270224299282
results_official_low_ft19_alpha_a550,results_official_low_ft19_alpha_a550,shapenet/03642806/fd2f7a1c6eb7a0d4803dd502eefd8dc3,shapenet,03642806,36.01698469114225,56.00712777282553,46.01205623198389,0.00015313374172063853,0.00023933498754541947,5.545713793253526e-05,0.0001260593708138913
results_official_low_ft19_alpha_a550,results_official_low_ft19_alpha_a550,shapenet/04074963/1aa78ce410bdbcd92530f02db7e9157e,shapenet,04074963,46.35541334307529,64.34415738124007,55.349785362157675,0.00014101981154135607,0.00026287799073413596,5.7056699006352574e-05,0.00016002061602193862
results_official_low_ft19_alpha_a550,results_official_low_ft19_alpha_a550,shapenet/04074963/2053bdd83749adcc1e5c09d9fe5c0c76,shapenet,04074963,27.63185772298581,32.09133417347337,29.861595948229592,0.0002997995824363143,0.00041427010975178454,0.00023992033675312996,0.0003532985574565828
results_official_low_ft19_alpha_a550,results_official_low_ft19_alpha_a550,shapenet/04074963/226078581cd4efd755c5278938766a05,shapenet,04074963,42.40799067856409,60.422789062252825,51.41538987040846,9.150168331117143e-05,0.00015887912991622996,3.7862548197153956e-05,9.566755034029484e-05
results_official_low_ft19_alpha_a550,results_official_low_ft19_alpha_a550,shapenet/04074963/240456647fbca47396d8609ec76a915b,shapenet,04074963,44.64354826119408,58.06319529414075,51.35337177766741,0.00011883178414034997,0.00021466654817589516,6.338706589303911e-05,0.00015114901179913431
results_official_low_ft19_alpha_a550,results_official_low_ft19_alpha_a550,shapenet/04074963/25182f6e03375c9e7b6fd5468f603b31,shapenet,04074963,40.95796526855624,61.74289548463623,51.350430376596236,0.00012434804663944744,0.00021060935180342616,4.430606713867746e-05,0.00011581134458538145
results_official_low_ft19_alpha_a550,results_official_low_ft19_alpha_a550,shapenet/04074963/28f2a5df4a926c3e140a527375fd6757,shapenet,04074963,39.932410020377404,48.4534047959848,44.1929074081811,0.00027342856262530055,0.0004552014867219724,0.00018449619528837502,0.00035792120615951717
results_official_low_ft19_alpha_a550,results_official_low_ft19_alpha_a550,shapenet/04074963/2c6493d31849c15a75f1efca97bee05a,shapenet,04074963,45.178346525323455,66.04360661555249,55.61097657043797,9.057779032224588e-05,0.0001652226530600467,3.169162664562464e-05,9.333036723546684e-05
results_official_low_ft19_alpha_a550,results_official_low_ft19_alpha_a550,shapenet/04074963/3039044a24972ae37bdb91f66fe1a363,shapenet,04074963,57.91247443374735,70.63978352848659,64.27612898111697,0.00014009349643054954,0.00033286227818268735,7.449648546753451e-05,0.00025373275275342166
results_official_low_ft19_alpha_a550,results_official_low_ft19_alpha_a550,shapenet/04074963/33a7613166c65aa0c7c51d4ea74651a7,shapenet,04074963,24.884184381511243,37.45996588597219,31.172075133741714,0.0001514160807027224,0.00020157683099889464,7.51878906157799e-05,0.00012022361624985933
results_official_low_ft19_alpha_a550,results_official_low_ft19_alpha_a550,shapenet/04074963/33f2d5cb9df739a0cf01bc59d215f0,shapenet,04074963,33.752652303189976,42.075767684275824,37.9142099937329,0.00022728854302483454,0.0003430907816340835,0.00014966516755521297,0.0002583809255156666
results_official_low_ft19_alpha_a550,results_official_low_ft19_alpha_a550,shapenet/04074963/404b2de4bc8bef211eba86b475bafe7,shapenet,04074963,29.602683127684358,39.59051195456463,34.596597541124495,0.00012720898685429868,0.00018070147060437856,7.464530790457502e-05,0.00012356553634162992
results_official_low_ft19_alpha_a550,results_official_low_ft19_alpha_a550,shapenet/04074963/436c74caa92dcf123c81d9b042c20aa4,shapenet,04074963,63.6794782249962,78.28516288169187,70.98232055334404,0.00011304481665486035,0.00031124227056853317,5.045380021329038e-05,0.00023234712716657668
results_official_low_ft19_alpha_a550,results_official_low_ft19_alpha_a550,shapenet/04074963/48d98af2e73604103c207eb23f7d33b0,shapenet,04074963,29.85664931666403,40.36308870992493,35.10986901329448,0.00013927767485066275,0.00019856147944719027,7.860654295654967e-05,0.00013180854148231447
results_official_low_ft19_alpha_a550,results_official_low_ft19_alpha_a550,shapenet/04074963/49c6003c2248bdd1906ed109a4ea50d6,shapenet,04074963,38.183986809174264,62.03723641007881,50.11061160962654,0.00013864371090261678,0.000224284459230045,4.3012169044231996e-05,0.00011330094275763258
results_official_low_ft19_alpha_a550,results_official_low_ft19_alpha_a550,shapenet/04074963/4c78551ab00fb1873fbe480a485feffd,shapenet,04074963,64.50172070829257,78.62349803507136,71.56260937168196,0.00011343059865442738,0.00031953830134218733,5.1499231631169096e-05,0.0002409151493338868
results_official_low_ft19_alpha_a550,results_official_low_ft19_alpha_a550,shapenet/04074963/4df6e942001af26f16a077c4c0fc1181,shapenet,04074963,42.6712124783255,57.85901767416392,50.26511507624471,0.00012086922065615381,0.00021083512469273203,5.841575693921186e-05,0.00013861982733942568
results_official_low_ft19_alpha_a550,results_official_low_ft19_alpha_a550,shapenet/04074963/4e73215ae0f33d23a5e3ac6ff4952f3,shapenet,04074963,47.04440640934824,67.36644539753422,57.20542590344123,0.00015172231271026854,0.00028650856769369125,5.9755038819275796e-05,0.00018310919404029846
results_official_low_ft19_alpha_a550,results_official_low_ft19_alpha_a550,shapenet/04074963/4fae99783aa8706c548eb4d45dc63633,shapenet,04074963,40.22634214321983,61.428980963685675,50.82766155345276,7.8765937382333e-05,0.00013177366118543224,2.7508594939718023e-05,7.131933671189472e-05
results_official_low_ft19_alpha_a550,results_official_low_ft19_alpha_a550,shapenet/04074963/55858ff5b407677f35a527bc320873ed,shapenet,04074963,38.86507161883481,47.37847460721013,43.12177311302247,0.00024026911850166927,0.0003930144761168851,0.00016276378300972283,0.0003093102714046836
results_official_low_ft19_alpha_a550,results_official_low_ft19_alpha_a550,shapenet/04074963/57759e351ec76d86d3c1501c166e6b2a,shapenet,04074963,37.84872794694722,55.43315275176347,46.64094034935535,0.00014917910585617936,0.00024002582880176452,6.458218558691442e-05,0.00014491082401946187
results_official_low_ft19_alpha_a550,results_official_low_ft19_alpha_a550,shapenet/04074963/58156300ed442f981047874d2f3335a,shapenet,04074963,42.83499291254857,57.33458591879388,50.084789415671224,0.00011479167866425917,0.00020080759981127975,5.8376186643727124e-05,0.00013682320422958583
results_official_low_ft19_alpha_a550,results_official_low_ft19_alpha_a550,shapenet/04074963/5938818cc2f2cfbe9cb9203a133c0554,shapenet,04074963,43.488655698852305,61.85813070318731,52.673393201019806,0.00012569096025740844,0.0002224172187226765,5.2987990784458816e-05,0.0001389234239468351
results_official_low_ft19_alpha_a550,results_official_low_ft19_alpha_a550,shapenet/04074963/6411d7e5e038534c13b3690b5eeccc36,shapenet,04074963,44.67088080888589,56.21754187410617,50.44421134149603,0.00017870706454008195,0.0003229891730660018,0.00010567608114797622,0.00024136625870596617
results_official_low_ft19_alpha_a550,results_official_low_ft19_alpha_a550,shapenet/04074963/647b7f4f47b3fea54dc062c02826dec,shapenet,04074963,60.41001643218642,76.30425898033498,68.3571377062607,0.00010318700048172688,0.00026063915966264076,4.4868782424600795e-05,0.0001893537846626714
results_official_low_ft19_alpha_a550,results_official_low_ft19_alpha_a550,shapenet/04074963/6f6ed9e0d29b64e714be24585075d395,shapenet,04074963,45.35683480764546,54.867515836211176,50.11217532192832,0.0002130730641261054,0.0003899354354310313,0.000137723283842206,0.00030515334219671786
results_official_low_ft19_alpha_a550,results_official_low_ft19_alpha_a550,shapenet/04074963/7852a457e59fd546d26c2593d1870bdb,shapenet,04074963,30.26249212856904,39.29991305563636,34.7812025921027,0.0002200736717886882,0.00031557432794188616,0.00013740587746724486,0.00022636850189883262
results_official_low_ft19_alpha_a550,results_official_low_ft19_alpha_a550,shapenet/04074963/7af8b6f6f78d0eddea30b1080420ecf9,shapenet,04074963,41.09634051609756,59.44719215379022,50.27176633494389,0.00013696692242609444,0.00023252701721108792,5.5224103562068194e-05,0.00013617824879474938
results_official_low_ft19_alpha_a550,results_official_low_ft19_alpha_a550,shapenet/04074963/80701d854496d6fe67a964feaf6ebeb,shapenet,04074963,43.70163067212198,56.52154809497144,50.111589383546715,0.00016930421524429217,0.00030072667692784404,9.3021837528795e-05,0.00021394928626250476
results_official_low_ft19_alpha_a550,results_official_low_ft19_alpha_a550,shapenet/04074963/81cbe7a64eb030c6c221cf4c35c835e,shapenet,04074963,50.15642369339619,66.29878854870371,58.22760612104995,0.00017930166311910415,0.0003597287281638102,8.64804387674667e-05,0.00025660928804427385
results_official_low_ft19_alpha_a550,results_official_low_ft19_alpha_a550,shapenet/04074963/86982fe32e06c96b11eba86b475bafe7,shapenet,04074963,26.938770808420198,36.854952963547596,31.896861885983895,0.00010229103730088532,0.00014000727668112407,5.919310206081718e-05,9.374148066854104e-05
results_official_low_ft19_alpha_a550,results_official_low_ft19_alpha_a550,shapenet/04074963/8f14d5b24d2b798b16a077c4c0fc1181,shapenet,04074963,60.91068443616378,75.65978402663211,68.28523423139794,0.00012204231528696103,0.0003122139989574783,5.6139237130992115e-05,0.0002306439564563334
results_official_low_ft19_alpha_a550,results_official_low_ft19_alpha_a550,shapenet/04074963/9716c839bba80514906ed109a4ea50d6,shapenet,04074963,33.972895446862864,56.94395782126609,45.45842663406448,0.00013008827729408132,0.00019702253820533535,3.987804302596487e-05,9.261892409995198e-05
results_official_low_ft19_alpha_a550,results_official_low_ft19_alpha_a550,shapenet/04074963/9d5f59e259057baa910a53622567655f,shapenet,04074963,51.92900994354653,61.584224341871455,56.75661714270899,0.000106035100026517,0.0002205802291610633,6.745020800735801e-05,0.00017557945102453232
results_official_low_ft19_alpha_a550,results_official_low_ft19_alpha_a550,shapenet/04074963/9fcf820f1362798e1c990bbe4403b3a1,shapenet,04074963,62.884301874489545,73.53520500639561,68.20975344044258,0.00013237738587695635,0.00035666144667226507,7.600981916766614e-05,0.0002872110635507852
results_official_low_ft19_alpha_a550,results_official_low_ft19_alpha_a550,shapenet/04074963/a27dc622395c3648db8fa1712f9ee93,shapenet,04074963,60.28845031434942,75.065304567334,67.67687744084171,9.471373610459649e-05,0.0002385042559515638,4.419846663950011e-05,0.00017725689394865185
results_official_low_ft19_alpha_a550,results_official_low_ft19_alpha_a550,shapenet/04074963/a67e5a678c54d757db8fa1712f9ee93,shapenet,04074963,40.3526794643889,51.624758216839254,45.98871884061408,0.00012526704203494804,0.00021001285709080619,7.433067366946489e-05,0.00015365437138825655
results_official_low_ft19_alpha_a550,results_official_low_ft19_alpha_a550,shapenet/04074963/a6a121234c2077d6dcd16fe97fafc2c6,shapenet,04074963,43.44015146334458,57.794871061678506,50.61751126251154,0.00012714159934564643,0.00022479126559762311,6.529439269797876e-05,0.00015470724611077458
results_official_low_ft19_alpha_a550,results_official_low_ft19_alpha_a550,shapenet/04074963/b1a97d944c1b3fa2357f57aad9e1b3cc,shapenet,04074963,39.37678057466852,55.72990113471575,47.55334085469214,8.356326197493006e-05,0.0001378403568254131,3.8371603295672685e-05,8.667611837154254e-05
results_official_low_ft19_alpha_a550,results_official_low_ft19_alpha_a550,shapenet/04074963/b2c79f7add7cb56ac03df0bb156692e3,shapenet,04074963,61.5232356414787,72.38069837761721,66.95196700954796,0.00015677705818404074,0.00040745904911133706,9.016945114126429e-05,0.00032647259649820626
results_official_low_ft19_alpha_a550,results_official_low_ft19_alpha_a550,shapenet/04074963/b9714784de07ad31cae0e78ad4bea7bf,shapenet,04074963,34.263744592379695,45.60350421107766,39.93362440172868,0.00021494024816079847,0.0003269736720292134,0.00012910901568830013,0.00023734803835395724
results_official_low_ft19_alpha_a550,results_official_low_ft19_alpha_a550,shapenet/04074963/c21ec53c8531344b8ef01232dadbdf7f,shapenet,04074963,28.907390909707566,46.23181876307033,37.56960483638895,0.00010925094303450824,0.00015367412229272967,4.2800216760952026e-05,7.960138464113697e-05
results_official_low_ft19_alpha_a550,results_official_low_ft19_alpha_a550,shapenet/04074963/c72ecbad07876e71ab0467582043bd43,shapenet,04074963,31.194092938160146,51.05819171797524,41.126142328067694,5.959016369218736e-05,8.66061741452376e-05,2.1584140995400958e-05,4.4101641833549365e-05
results_official_low_ft19_alpha_a550,results_official_low_ft19_alpha_a550,shapenet/04074963/cc5571508716b1e5808951ff5fb582ac,shapenet,04074963,44.00227681422293,60.87672430456416,52.43950055939355,0.00010388455178644681,0.00018551567077432994,4.681624341174029e-05,0.00011966340389335528
results_official_low_ft19_alpha_a550,results_official_low_ft19_alpha_a550,shapenet/04074963/cc846e66cbfe697bffb5024c146ec04e,shapenet,04074963,35.616853543237646,52.811968723092015,44.21441113316483,7.777674091976733e-05,0.00012080295108285783,3.2892145100049675e-05,6.970442336751148e-05
results_official_low_ft19_alpha_a550,results_official_low_ft19_alpha_a550,shapenet/04074963/cd0c46f23b28b94ce56eff8fe87c1176,shapenet,04074963,61.47328326251241,71.69793761345136,66.58561043798188,0.00013664567422620792,0.0003546777036758178,8.116182289086282e-05,0.0002867699950002134
results_official_low_ft19_alpha_a550,results_official_low_ft19_alpha_a550,shapenet/04074963/d9ca2dcaf1d9d850dc605801df3f66ec,shapenet,04074963,51.48396487962697,67.04952148989842,59.266743184762696,0.00016521762434949132,0.0003405423051153504,7.762104360153899e-05,0.00023556879023090005
results_official_low_ft19_alpha_a550,results_official_low_ft19_alpha_a550,shapenet/04074963/dd110b09266edec5fdcb551a4a7a3f9f,shapenet,04074963,40.174772021770835,59.83525122010871,50.00501162093977,0.00012620006058344565,0.0002109478974812612,4.820163667318411e-05,0.00012000980495940894
results_official_low_ft19_alpha_a550,results_official_low_ft19_alpha_a550,shapenet/04074963/e08c8823d837fceeb2b53d011d5b25b,shapenet,04074963,46.53188449564881,59.61392033671669,53.07290241618275,0.0002653142610536583,0.0004962102339890158,0.00014552187349181622,0.00036032681236974895
results_official_low_ft19_alpha_a550,results_official_low_ft19_alpha_a550,shapenet/04074963/e739278e9039922dff7f69173a1ae6d4,shapenet,04074963,37.60565844043088,50.546704779419116,44.076181609925,0.00020247723841899685,0.00032451218068498694,0.00010872434359043837,0.00021985257626511157
results_official_low_ft19_alpha_a550,results_official_low_ft19_alpha_a550,shapenet/04074963/f3366e751820f0f77e1c85c5c15da7fb,shapenet,04074963,39.22053679675598,59.7411926139769,49.48086470536644,9.907859447103495e-05,0.00016301327660581702,3.54574149241671e-05,8.80736843100749e-05
results_official_low_ft19_alpha_a550,results_official_low_ft19_alpha_a550,shapenet/04074963/f677657b2cd55f930d48ff455dd1223,shapenet,04074963,50.73050613024235,61.36554149552897,56.04802381288566,0.00017608033108884724,0.0003573820578597986,0.00010563256364548579,0.00027341541135683656
results_official_low_ft19_alpha_a650,results_official_low_ft19_alpha_a650,shapenet/03642806/13f5cbc78856f977927930e64238782e,shapenet,03642806,46.90048688522148,71.78927054266462,59.344878713943054,0.0001454308710707333,0.0002738836244249053,4.1298884752904996e-05,0.0001463942462578416
results_official_low_ft19_alpha_a650,results_official_low_ft19_alpha_a650,shapenet/03642806/1a46d6683450f2dd46c0b76a60ee4644,shapenet,03642806,63.098272660321584,86.10887102322789,74.60357184177474,0.00012035998583154775,0.00032616355522775546,3.084908894379623e-05,0.00022207762231118977
results_official_low_ft19_alpha_a650,results_official_low_ft19_alpha_a650,shapenet/03642806/1bb2e873cfbef364cef0dab711014aa8,shapenet,03642806,57.015103880489434,76.06495955414402,66.54003171731674,0.00013112159087546937,0.0003050410788731769,4.987151987734251e-05,0.00020836196199525148
results_official_low_ft19_alpha_a650,results_official_low_ft19_alpha_a650,shapenet/03642806/2134ad3fc25a6284193a4c984002ed32,shapenet,03642806,47.91574177658101,72.88821216344459,60.4019769700128,9.759257401991947e-05,0.00018737441474406613,2.6386413082946092e-05,9.732450416777283e-05
results_official_low_ft19_alpha_a650,results_official_low_ft19_alpha_a650,shapenet/03642806/283a115028fffe6e4e67e2e8459ebde,shapenet,03642806,37.44678718281562,49.140137182648424,43.29346218273202,0.00023821124970023494,0.00038081377274165276,0.0001347685611108318,0.0002649801899679005
results_official_low_ft19_alpha_a650,results_official_low_ft19_alpha_a650,shapenet/03642806/28fbfd8b8c9c6f16e1e44e2fc05361d9,shapenet,03642806,28.087495158788055,63.342826274028454,45.715160716408256,0.0001405521060900437,0.0001954487698633124,2.4308876163559034e-05,6.631410360569134e-05
results_official_low_ft19_alpha_a650,results_official_low_ft19_alpha_a650,shapenet/03642806/2d38fa685e71721986a7e0484f5238e4,shapenet,03642806,41.49317465880098,61.72130291532313,51.60723878706206,0.0001459906442526056,0.00024952754383991964,5.77120590605773e-05,0.00015076808631420135
results_official_low_ft19_alpha_a650,results_official_low_ft19_alpha_a650,shapenet/03642806/2d47af483371ff60672faaae04fc887,shapenet,03642806,44.25015164459496,68.36513622448139,56.30764393453818,0.00012291473424952453,0.00022047545935182395,3.858826312352903e-05,0.0001219801779370755
results_official_low_ft19_alpha_a650,results_official_low_ft19_alpha_a650,shapenet/03642806/2f9cc3e20647ebb1cb8118818e564f96,shapenet,03642806,33.53219846082942,57.19219043441558,45.3621944476225,0.00012484581149318792,0.00018782900683064448,3.59443474735599e-05,8.396679913857952e-05
results_official_low_ft19_alpha_a650,results_official_low_ft19_alpha_a650,shapenet/03642806/454a88f4b2fe4472f9cacf0b2853f40,shapenet,03642806,44.96653281426509,67.35101543590886,56.15877412508698,0.0001254514432446126,0.00022795482396415422,4.0880346205085516e-05,0.00012521169264800847
results_official_low_ft19_alpha_a650,results_official_low_ft19_alpha_a650,shapenet/03642806/4e8737495201fa3f71f82dc8af2fe0e0,shapenet,03642806,32.916630228102605,58.817972872341365,45.86730155022198,0.000131279820350669,0.00019569652031055964,3.574303264031187e-05,8.679279562784359e-05
results_official_low_ft19_alpha_a650,results_official_low_ft19_alpha_a650,shapenet/03642806/5363c4a882e17c9088557758112e80be,shapenet,03642806,32.7338273939246,51.96125521409858,42.347541304011585,0.00011745470525668289,0.00017461184530970998,4.1573523049009964e-05,8.654165139887482e-05
results_official_low_ft19_alpha_a650,results_official_low_ft19_alpha_a650,shapenet/03642806/593d32126cea601d5a952e55d06611ce,shapenet,03642806,61.424056833877394,82.89306846669679,72.1585626502871,0.000126963060265439,0.0003291249671296125,3.9917653339216486e-05,0.0002333419834030792
results_official_low_ft19_alpha_a650,results_official_low_ft19_alpha_a650,shapenet/03642806/5d544ee4b094c6606436916a86a90ed7,shapenet,03642806,38.033425049249026,57.565468223714575,47.799446636481804,0.00015855397579582633,0.0002558701621347313,6.512685649795458e-05,0.0001534760813228786
results_official_low_ft19_alpha_a650,results_official_low_ft19_alpha_a650,shapenet/03642806/606f4b61d81085d1adbb6cf5d72fbe37,shapenet,03642806,36.03617190108792,57.489128979011106,46.76265044004951,0.0001076017989900527,0.0001682228881355568,3.556557567208074e-05,8.366230758838356e-05
results_official_low_ft19_alpha_a650,results_official_low_ft19_alpha_a650,shapenet/03642806/62b25a5e3119b8409023147b38c03c9f,shapenet,03642806,37.9272206607843,58.95256112414481,48.439890892464554,0.0001506940402673005,0.00024276992567673954,5.3214891522657126e-05,0.00012964241614099592
results_official_low_ft19_alpha_a650,results_official_low_ft19_alpha_a650,shapenet/03642806/645a52293092eceea37e4476f3cf2752,shapenet,03642806,46.344840510598196,65.59896791028335,55.97190421044077,0.0001647774983255758,0.0003071046659699583,6.573404971277341e-05,0.00019108162086922675
results_official_low_ft19_alpha_a650,results_official_low_ft19_alpha_a650,shapenet/03642806/679bb4a724b1e2bc3339d8259ddfa7bb,shapenet,03642806,30.784522670322744,51.91397492354275,41.34924879693275,0.00013140302657734174,0.00018984630554732962,4.1401774069527164e-05,8.60993895912543e-05
results_official_low_ft19_alpha_a650,results_official_low_ft19_alpha_a650,shapenet/03642806/69850d70fcaf5a464161e123a102b12b,shapenet,03642806,38.03512520605516,59.27265545285828,48.65389032945672,0.00012300319877801353,0.00019850471607833108,4.230298873153515e-05,0.00010386876238044351
results_official_low_ft19_alpha_a650,results_official_low_ft19_alpha_a650,shapenet/03642806/6ae14173f5bface824a85bcf396c330,shapenet,03642806,57.277607407909926,67.29726712668058,62.28743726729525,0.00014959984948731224,0.000350167301994716,9.276351192966104e-05,0.0002836567582562566
results_official_low_ft19_alpha_a650,results_official_low_ft19_alpha_a650,shapenet/03642806/6b61ef17b4f45050b598e8984f11eb0c,shapenet,03642806,47.65490101379144,65.81929399112167,56.73709750245655,0.00012806622048509457,0.00024465751897581925,5.198414146434516e-05,0.00015208621334750205
results_official_low_ft19_alpha_a650,results_official_low_ft19_alpha_a650,shapenet/03642806/71907a4a567dce3bb0de1e7a6809fd90,shapenet,03642806,44.054725933014616,63.865246091517804,53.959986012266214,0.00013595635021085138,0.0002430166845693985,4.924809036310762e-05,0.0001362900948151946
results_official_low_ft19_alpha_a650,results_official_low_ft19_alpha_a650,shapenet/03642806/760b1f82f7133ca1de7d2830be38218d,shapenet,03642806,42.291885411911025,58.070881924301865,50.18138366810645,0.000212071521898522,0.0003674899507846576,0.00010730342182796448,0.00025591623852960765
results_official_low_ft19_alpha_a650,results_official_low_ft19_alpha_a650,shapenet/03642806/8489cb783d249651b674654e7bbe623d,shapenet,03642806,37.87885331124367,62.28008702299954,50.0794701671216,0.00011153895898873296,0.0001795507084690068,3.295917485957034e-05,8.737871394259855e-05
results_official_low_ft19_alpha_a650,results_official_low_ft19_alpha_a650,shapenet/03642806/8ac9eb2b975c0d12b5328fde615e4a0c,shapenet,03642806,55.88048247513161,75.12631445410516,65.50339846461839,0.0001305754683607174,0.00029595851379634263,4.976019044988789e-05,0.0002000515378313139
results_official_low_ft19_alpha_a650,results_official_low_ft19_alpha_a650,shapenet/03642806/90c01fd78513bb99c9b20aa1b8066c46,shapenet,03642806,55.3108183926613,82.32481709238874,68.81781774252502,0.00010200830852731161,0.00022826175118534762,2.4776134523563087e-05,0.00014017469948157668
results_official_low_ft19_alpha_a650,results_official_low_ft19_alpha_a650,shapenet/03642806/928c86eabc0be624c2bf2dcc31ba1713,shapenet,03642806,33.37397915199373,51.30949547482111,42.34173731340742,0.00016105128582478902,0.00024172430497116856,5.9835998399648815e-05,0.0001228904875461012
results_official_low_ft19_alpha_a650,results_official_low_ft19_alpha_a650,shapenet/03642806/93958423b98be8b538ff1b6d120c56aa,shapenet,03642806,38.93949552665632,53.29037545402271,46.11493549033952,0.00017194325911421368,0.00028159488788579616,8.317103493027389e-05,0.00017805973766371608
results_official_low_ft19_alpha_a650,results_official_low_ft19_alpha_a650,shapenet/03642806/950d3ea26d07b7dafdc319d8ace3a11,shapenet,03642806,55.287825190956674,75.1684930052655,65.22815909811109,0.000139606143056794,0.0003122329514344217,4.979918958269991e-05,0.00020054839842487127
results_official_low_ft19_alpha_a650,results_official_low_ft19_alpha_a650,shapenet/03642806/9d48ab8c41174e60888cad7f6c0e6001,shapenet,03642806,56.228003373571546,75.99148261693767,66.1097429952546,0.00011920157350259243,0.00027232382045515703,4.1432333091506734e-05,0.0001725734764477238
results_official_low_ft19_alpha_a650,results_official_low_ft19_alpha_a650,shapenet/03642806/9ddc0f876f54a784f3655a2ce983ab1f,shapenet,03642806,41.92840385791284,65.43625673915776,53.6823302985353,0.00011891107716900114,0.00020476633168142045,4.01636898459401e-05,0.00011620179429883137
results_official_low_ft19_alpha_a650,results_official_low_ft19_alpha_a650,shapenet/03642806/9e901676eeb65f352b1c9d869bc37167,shapenet,03642806,50.94116048755923,68.7297107273299,59.835435607444566,0.00016514874707101144,0.00033663402704242845,7.371018000412732e-05,0.0002357195335207507
results_official_low_ft19_alpha_a650,results_official_low_ft19_alpha_a650,shapenet/03642806/a874a1d28852062ec2743f037f439af3,shapenet,03642806,37.60918205754133,59.44969565315461,48.529438855347976,0.00015104317322924368,0.00024209199079349567,5.127497570356354e-05,0.00012644781963899732
results_official_low_ft19_alpha_a650,results_official_low_ft19_alpha_a650,shapenet/03642806/b210db4bca21536ed6daca3908cc94ab,shapenet,03642806,39.223731479677056,60.213014509471094,49.718372994574075,0.00014609800983704296,0.00024038660713134985,5.518197576748207e-05,0.00013869353279005736
results_official_low_ft19_alpha_a650,results_official_low_ft19_alpha_a650,shapenet/03642806/b806daf849a5dba289c212008d2a390e,shapenet,03642806,51.6873024119472,70.79586473325901,61.241583572603105,0.0001420894259478856,0.0002941036891780242,5.508855974767357e-05,0.0001886327372631058
results_official_low_ft19_alpha_a650,results_official_low_ft19_alpha_a650,shapenet/03642806/b95ca4fa91a57394e4b68d3b17c43658,shapenet,03642806,59.41467197403465,80.21619000930247,69.81543099166856,0.00013059220666858303,0.0003217719629739935,4.288149284548126e-05,0.00021675042808055878
results_official_low_ft19_alpha_a650,results_official_low_ft19_alpha_a650,shapenet/03642806/bd879abd9b5c15d75d66db82418edc83,shapenet,03642806,40.05940604127974,71.90702423807642,55.98321513967808,9.087432069296528e-05,0.00015160730765455607,1.8389155229669996e-05,6.545819633174688e-05
results_official_low_ft19_alpha_a650,results_official_low_ft19_alpha_a650,shapenet/03642806/c8309234b360aa2c747803756378b292,shapenet,03642806,50.667970948772535,73.50057223947954,62.08427159412604,0.00015095079036901656,0.000305989421623558,5.243415216682479e-05,0.00019786899792961776
results_official_low_ft19_alpha_a650,results_official_low_ft19_alpha_a650,shapenet/03642806/cb1e3a990782678b4b6682da890df381,shapenet,03642806,37.56138349919975,55.964258262178404,46.76282088068908,0.00014142151362201108,0.0002264968725247116,5.658920417772606e-05,0.00012850743951275945
results_official_low_ft19_alpha_a650,results_official_low_ft19_alpha_a650,shapenet/03642806/d7e7e6651a23afc68ba4e518219eb66a,shapenet,03642806,60.4261955734933,81.6552954313522,71.04074550242275,0.00011426214489218078,0.0002887317672587666,3.359565380378626e-05,0.0001831354311434552
results_official_low_ft19_alpha_a650,results_official_low_ft19_alpha_a650,shapenet/03642806/e466c2c86a439c1faebff3b001eb4a27,shapenet,03642806,34.499167491266256,61.300553152555494,47.89986032191088,0.00011986889248542714,0.00018300361673944234,3.1689127354184166e-05,8.188522042473778e-05
results_official_low_ft19_alpha_a650,results_official_low_ft19_alpha_a650,shapenet/03642806/e55ececde88255b93e73f3893a7337bb,shapenet,03642806,36.73929652704807,60.3703396743099,48.554818100678986,0.0001645196708097856,0.0002600661418191919,5.5873984820209444e-05,0.00014099031977821141
results_official_low_ft19_alpha_a650,results_official_low_ft19_alpha_a650,shapenet/03642806/e6329b09d7920f006f729e50d852de2e,shapenet,03642806,48.857448692662054,67.77285176219775,58.315150227429896,0.00013968916680295735,0.00027313687571725565,5.6374945415882394e-05,0.00017492998449597508
results_official_low_ft19_alpha_a650,results_official_low_ft19_alpha_a650,shapenet/03642806/e9bb4175bc73a2eeb60886b233d6cbd8,shapenet,03642806,57.0421721175541,77.34917848390911,67.19567530073161,0.000114809900772773,0.00026726188551001766,3.91439170925878e-05,0.00017281455802731216
results_official_low_ft19_alpha_a650,results_official_low_ft19_alpha_a650,shapenet/03642806/ec3223edbdef2db93334fb6668ccd834,shapenet,03642806,65.83881877117086,81.46870986682913,73.653764319,0.00010510098499828748,0.00030766203397437306,4.077339326613583e-05,0.00022002457990311086
results_official_low_ft19_alpha_a650,results_official_low_ft19_alpha_a650,shapenet/03642806/f28fe2f836cb0dfaa8f4918d18e28074,shapenet,03642806,44.049404916390735,65.1246224116773,54.58701366403402,0.00016659440293377798,0.0002977526917896568,6.078033402445726e-05,0.00017427864077035338
results_official_low_ft19_alpha_a650,results_official_low_ft19_alpha_a650,shapenet/03642806/fae8d4929159d0df7d14ad32b7473fd2,shapenet,03642806,56.512726275954826,77.42038125258271,66.96655376426877,0.00015230277468115545,0.00035022378189907905,5.398170469561592e-05,0.00023907270224299282
results_official_low_ft19_alpha_a650,results_official_low_ft19_alpha_a650,shapenet/03642806/fd2f7a1c6eb7a0d4803dd502eefd8dc3,shapenet,03642806,40.351522874941935,61.942456619353656,51.1469897471478,0.0001427596752982901,0.00023933498754541947,4.797509973286651e-05,0.0001260593708138913
results_official_low_ft19_alpha_a650,results_official_low_ft19_alpha_a650,shapenet/04074963/1aa78ce410bdbcd92530f02db7e9157e,shapenet,04074963,52.02648167654891,71.67876911750277,61.85262539702584,0.00012611182105316078,0.00026287799073413596,4.5319808123167604e-05,0.00016002061602193862
results_official_low_ft19_alpha_a650,results_official_low_ft19_alpha_a650,shapenet/04074963/2053bdd83749adcc1e5c09d9fe5c0c76,shapenet,04074963,31.700475479320588,36.82927259238341,34.264874035852,0.0002829445151917656,0.00041427010975178454,0.00022318126866593957,0.0003532985574565828
results_official_low_ft19_alpha_a650,results_official_low_ft19_alpha_a650,shapenet/04074963/226078581cd4efd755c5278938766a05,shapenet,04074963,47.59505616353083,67.29492332479087,57.44498974416085,8.326051880047121e-05,0.00015887912991622996,3.128814569208771e-05,9.566755034029484e-05
results_official_low_ft19_alpha_a650,results_official_low_ft19_alpha_a650,shapenet/04074963/240456647fbca47396d8609ec76a915b,shapenet,04074963,50.44875912376966,65.2603317588793,57.85454544132448,0.00010636993836732686,0.00021466654817589516,5.250866524875164e-05,0.00015114901179913431
results_official_low_ft19_alpha_a650,results_official_low_ft19_alpha_a650,shapenet/04074963/25182f6e03375c9e7b6fd5468f603b31,shapenet,04074963,45.75915711811581,68.42309381359163,57.09112546585372,0.0001142362876062511,0.00021060935180342616,3.656963963294402e-05,0.00011581134458538145
results_official_low_ft19_alpha_a650,results_official_low_ft19_alpha_a650,shapenet/04074963/28f2a5df4a926c3e140a527375fd6757,shapenet,04074963,45.39503090122595,54.99166577154042,50.19334833638318,0.0002485626311616931,0.0004552014867219724,0.00016109437274280936,0.00035792120615951717
results_official_low_ft19_alpha_a650,results_official_low_ft19_alpha_a650,shapenet/04074963/2c6493d31849c15a75f1efca97bee05a,shapenet,04074963,50.41367734288389,73.06957122770406,61.74162428529397,8.192783784900229e-05,0.0001652226530600467,2.5134268071269616e-05,9.333036723546684e-05
results_official_low_ft19_alpha_a650,results_official_low_ft19_alpha_a650,shapenet/04074963/3039044a24972ae37bdb91f66fe1a363,shapenet,04074963,63.58241422994515,77.38212548910664,70.4822698595259,0.00012122040565333873,0.00033286227818268735,5.738895561080426e-05,0.00025373275275342166
results_official_low_ft19_alpha_a650,results_official_low_ft19_alpha_a650,shapenet/04074963/33a7613166c65aa0c7c51d4ea74651a7,shapenet,04074963,27.955735581916773,41.853720491559606,34.90472803673819,0.0001452245451304364,0.00020157683099889464,6.990555993979797e-05,0.00012022361624985933
results_official_low_ft19_alpha_a650,results_official_low_ft19_alpha_a650,shapenet/04074963/33f2d5cb9df739a0cf01bc59d215f0,shapenet,04074963,38.48676041889048,47.838385447190724,43.16257293304061,0.00021104625448727508,0.0003430907816340835,0.00013477566244546324,0.0002583809255156666
results_official_low_ft19_alpha_a650,results_official_low_ft19_alpha_a650,shapenet/04074963/404b2de4bc8bef211eba86b475bafe7,shapenet,04074963,33.68965971387242,44.911786205247004,39.300722959559714,0.00011982376005980022,0.00018070147060437856,6.80700468365103e-05,0.00012356553634162992
results_official_low_ft19_alpha_a650,results_official_low_ft19_alpha_a650,shapenet/04074963/436c74caa92dcf123c81d9b042c20aa4,shapenet,04074963,69.17613574940718,84.76389844084336,76.97001709512527,9.593689497050745e-05,0.00031124227056853317,3.540064426488243e-05,0.00023234712716657668
results_official_low_ft19_alpha_a650,results_official_low_ft19_alpha_a650,shapenet/04074963/48d98af2e73604103c207eb23f7d33b0,shapenet,04074963,33.940079104432044,45.686304664679575,39.813191884555806,0.00013116955625188333,0.00019856147944719027,7.159008964663371e-05,0.00013180854148231447
results_official_low_ft19_alpha_a650,results_official_low_ft19_alpha_a650,shapenet/04074963/49c6003c2248bdd1906ed109a4ea50d6,shapenet,04074963,42.885636359837996,68.98275766517041,55.9341970125042,0.0001280986416330188,0.000224284459230045,3.5142827982781455e-05,0.00011330094275763258
results_official_low_ft19_alpha_a650,results_official_low_ft19_alpha_a650,shapenet/04074963/4c78551ab00fb1873fbe480a485feffd,shapenet,04074963,70.02507659634416,85.07140469943548,77.54824064788983,9.578136107266363e-05,0.00031953830134218733,3.596524766180664e-05,0.0002409151493338868
results_official_low_ft19_alpha_a650,results_official_low_ft19_alpha_a650,shapenet/04074963/4df6e942001af26f16a077c4c0fc1181,shapenet,04074963,48.26357241285481,65.02712294777533,56.64534768031507,0.00010907856161492256,0.00021083512469273203,4.847934178542346e-05,0.00013861982733942568
results_official_low_ft19_alpha_a650,results_official_low_ft19_alpha_a650,shapenet/04074963/4e73215ae0f33d23a5e3ac6ff4952f3,shapenet,04074963,50.66216006031484,72.83947889752406,61.75081947891945,0.0001413571385421979,0.00028650856769369125,4.9733411287888885e-05,0.00018310919404029846
results_official_low_ft19_alpha_a650,results_official_low_ft19_alpha_a650,shapenet/04074963/4fae99783aa8706c548eb4d45dc63633,shapenet,04074963,45.04140214167985,68.23375302423828,56.63757758295907,7.2420956534087e-05,0.00013177366118543224,2.265547664137557e-05,7.131933671189472e-05
results_official_low_ft19_alpha_a650,results_official_low_ft19_alpha_a650,shapenet/04074963/55858ff5b407677f35a527bc320873ed,shapenet,04074963,44.14002017580591,53.72519481888101,48.932607497343454,0.00021953780706505415,0.0003930144761168851,0.00014313272549770772,0.0003093102714046836
results_official_low_ft19_alpha_a650,results_official_low_ft19_alpha_a650,shapenet/04074963/57759e351ec76d86d3c1501c166e6b2a,shapenet,04074963,42.48092699720426,61.75192775880289,52.11642737800358,0.00013806063169405244,0.00024002582880176452,5.5425596656277776e-05,0.00014491082401946187
results_official_low_ft19_alpha_a650,results_official_low_ft19_alpha_a650,shapenet/04074963/58156300ed442f981047874d2f3335a,shapenet,04074963,48.297921585710235,64.30802275456986,56.30297217014005,0.00010382170271628103,0.00020080759981127975,4.883490692009218e-05,0.00013682320422958583
results_official_low_ft19_alpha_a650,results_official_low_ft19_alpha_a650,shapenet/04074963/5938818cc2f2cfbe9cb9203a133c0554,shapenet,04074963,47.56694728310339,67.67484886209907,57.62089807260123,0.00011662013754431622,0.0002224172187226765,4.49072067567613e-05,0.0001389234239468351
results_official_low_ft19_alpha_a650,results_official_low_ft19_alpha_a650,shapenet/04074963/6411d7e5e038534c13b3690b5eeccc36,shapenet,04074963,49.552331122974195,62.28320177001107,55.917766446492635,0.0001629405085369804,0.0003229891730660018,9.103562479140237e-05,0.00024136625870596617
results_official_low_ft19_alpha_a650,results_official_low_ft19_alpha_a650,shapenet/04074963/647b7f4f47b3fea54dc062c02826dec,shapenet,04074963,65.85848111467534,82.93397443479023,74.39622777473278,8.8986167918772e-05,0.00026063915966264076,3.2315165299223736e-05,0.0001893537846626714
results_official_low_ft19_alpha_a650,results_official_low_ft19_alpha_a650,shapenet/04074963/6f6ed9e0d29b64e714be24585075d395,shapenet,04074963,51.382415683047476,62.0146573353582,56.69853650920284,0.0001895771891023576,0.0003899354354310313,0.00011591354268603027,0.00030515334219671786
results_official_low_ft19_alpha_a650,results_official_low_ft19_alpha_a650,shapenet/04074963/7852a457e59fd546d26c2593d1870bdb,shapenet,04074963,34.54397812846107,44.75232427515561,39.64815120180834,0.000206562401118603,0.00031557432794188616,0.00012506333587225527,0.00022636850189883262
results_official_low_ft19_alpha_a650,results_official_low_ft19_alpha_a650,shapenet/04074963/7af8b6f6f78d0eddea30b1080420ecf9,shapenet,04074963,46.22682102117967,66.3133950937466,56.27010805746313,0.00012503716913903068,0.00023252701721108792,4.587382863974199e-05,0.00013617824879474938
results_official_low_ft19_alpha_a650,results_official_low_ft19_alpha_a650,shapenet/04074963/80701d854496d6fe67a964feaf6ebeb,shapenet,04074963,49.37139151402039,63.561382795001364,56.466387154510876,0.00015225373187469494,0.00030072667692784404,7.796016143402085e-05,0.00021394928626250476
results_official_low_ft19_alpha_a650,results_official_low_ft19_alpha_a650,shapenet/04074963/81cbe7a64eb030c6c221cf4c35c835e,shapenet,04074963,54.53597660850742,72.27034721904025,63.40316191377383,0.00016354715311831344,0.0003597287281638102,7.115686457837e-05,0.00025660928804427385
results_official_low_ft19_alpha_a650,results_official_low_ft19_alpha_a650,shapenet/04074963/86982fe32e06c96b11eba86b475bafe7,shapenet,04074963,30.71708550848278,41.87720156529192,36.29714353688735,9.700112178488512e-05,0.00014000727668112407,5.4485171858686954e-05,9.374148066854104e-05
results_official_low_ft19_alpha_a650,results_official_low_ft19_alpha_a650,shapenet/04074963/8f14d5b24d2b798b16a077c4c0fc1181,shapenet,04074963,66.40288719430177,82.3167451664167,74.35981618035923,0.00010489488942492548,0.0003122139989574783,4.078535857843235e-05,0.0002306439564563334
results_official_low_ft19_alpha_a650,results_official_low_ft19_alpha_a650,shapenet/04074963/9716c839bba80514906ed109a4ea50d6,shapenet,04074963,37.996482915616205,63.06328051302774,50.529881714321974,0.0001221609031362317,0.00019702253820533535,3.4210392186651006e-05,9.261892409995198e-05
results_official_low_ft19_alpha_a650,results_official_low_ft19_alpha_a650,shapenet/04074963/9d5f59e259057baa910a53622567655f,shapenet,04074963,57.69490581201302,68.31430726765927,63.004606539836146,9.331667370666534e-05,0.0002205802291610633,5.563356535276398e-05,0.00017557945102453232
results_official_low_ft19_alpha_a650,results_official_low_ft19_alpha_a650,shapenet/04074963/9fcf820f1362798e1c990bbe4403b3a1,shapenet,04074963,68.8535436889833,80.3588948246121,74.60621925679769,0.00011108740166601723,0.00035666144667226507,5.641142706735991e-05,0.0002872110635507852
results_official_low_ft19_alpha_a650,results_official_low_ft19_alpha_a650,shapenet/04074963/a27dc622395c3648db8fa1712f9ee93,shapenet,04074963,65.40458110806478,81.39762077024703,73.4011009391559,8.251154642153685e-05,0.0002385042559515638,3.297399962320924e-05,0.00017725689394865185
results_official_low_ft19_alpha_a650,results_official_low_ft19_alpha_a650,shapenet/04074963/a67e5a678c54d757db8fa1712f9ee93,shapenet,04074963,45.70847123450474,58.25983554578027,51.98415339014251,0.00011401919071869348,0.00021001285709080619,6.413558730855584e-05,0.00015365437138825655
results_official_low_ft19_alpha_a650,results_official_low_ft19_alpha_a650,shapenet/04074963/a6a121234c2077d6dcd16fe97fafc2c6,shapenet,04074963,48.87499838018991,64.69814749721132,56.786572938700616,0.00011492453817797644,0.00022479126559762311,5.461452383315191e-05,0.00015470724611077458
results_official_low_ft19_alpha_a650,results_official_low_ft19_alpha_a650,shapenet/04074963/b1a97d944c1b3fa2357f57aad9e1b3cc,shapenet,04074963,44.46452475036477,62.561032681576556,53.51277871597066,7.655029724878619e-05,0.0001378403568254131,3.245064362999983e-05,8.667611837154254e-05
results_official_low_ft19_alpha_a650,results_official_low_ft19_alpha_a650,shapenet/04074963/b2c79f7add7cb56ac03df0bb156692e3,shapenet,04074963,67.60622262469383,79.3928609665975,73.49954179564565,0.00013199137726466596,0.00040745904911133706,6.727666186634451e-05,0.00032647259649820626
results_official_low_ft19_alpha_a650,results_official_low_ft19_alpha_a650,shapenet/04074963/b9714784de07ad31cae0e78ad4bea7bf,shapenet,04074963,38.83147929622365,51.6921868352606,45.261833065742124,0.00020000495827108717,0.0003269736720292134,0.00011465764691820368,0.00023734803835395724
results_official_low_ft19_alpha_a650,results_official_low_ft19_alpha_a650,shapenet/04074963/c21ec53c8531344b8ef01232dadbdf7f,shapenet,04074963,32.72955884346066,51.977568137563665,42.35356349051216,0.00010337726000975901,0.00015367412229272967,3.822652070084587e-05,7.960138464113697e-05
results_official_low_ft19_alpha_a650,results_official_low_ft19_alpha_a650,shapenet/04074963/c72ecbad07876e71ab0467582043bd43,shapenet,04074963,35.258162636047174,57.460169120946084,46.359165878496626,5.6070428412251485e-05,8.66061741452376e-05,1.8760763850877993e-05,4.4101641833549365e-05
results_official_low_ft19_alpha_a650,results_official_low_ft19_alpha_a650,shapenet/04074963/cc5571508716b1e5808951ff5fb582ac,shapenet,04074963,49.4976844144325,68.04356974374899,58.770627079090744,9.368970951513453e-05,0.00018551567077432994,3.824015220743604e-05,0.00011966340389335528
results_official_low_ft19_alpha_a650,results_official_low_ft19_alpha_a650,shapenet/04074963/cc846e66cbfe697bffb5024c146ec04e,shapenet,04074963,40.041815763538445,59.158719379113144,49.600267571325794,7.243125597334243e-05,0.00012080295108285783,2.8468179152696393e-05,6.970442336751148e-05
results_official_low_ft19_alpha_a650,results_official_low_ft19_alpha_a650,shapenet/04074963/cd0c46f23b28b94ce56eff8fe87c1176,shapenet,04074963,67.45467448329137,78.5776719208569,73.01617320207413,0.00011543101319648214,0.0003546777036758178,6.143280916148797e-05,0.0002867699950002134
results_official_low_ft19_alpha_a650,results_official_low_ft19_alpha_a650,shapenet/04074963/d9ca2dcaf1d9d850dc605801df3f66ec,shapenet,04074963,56.343210407059466,73.22485119374872,64.7840308004041,0.0001486698376191581,0.0003405423051153504,6.307389412540942e-05,0.00023556879023090005
results_official_low_ft19_alpha_a650,results_official_low_ft19_alpha_a650,shapenet/04074963/dd110b09266edec5fdcb551a4a7a3f9f,shapenet,04074963,44.91758880566825,66.4153715812917,55.66648019347997,0.00011619518829642567,0.0002109478974812612,4.0304847061634064e-05,0.00012000980495940894
results_official_low_ft19_alpha_a650,results_official_low_ft19_alpha_a650,shapenet/04074963/e08c8823d837fceeb2b53d011d5b25b,shapenet,04074963,52.330043792656625,66.73215685498478,59.5311003238207,0.00023654320123891998,0.0004962102339890158,0.00011987295874860138,0.00036032681236974895
results_official_low_ft19_alpha_a650,results_official_low_ft19_alpha_a650,shapenet/04074963/e739278e9039922dff7f69173a1ae6d4,shapenet,04074963,42.514775786783524,56.95410571006888,49.7344407484262,0.00018654655466596293,0.00032451218068498694,9.463750757277012e-05,0.00021985257626511157
results_official_low_ft19_alpha_a650,results_official_low_ft19_alpha_a650,shapenet/04074963/f3366e751820f0f77e1c85c5c15da7fb,shapenet,04074963,44.15589978163842,66.77774147432145,55.46682062797993,9.103329755698743e-05,0.00016301327660581702,2.9260067094583064e-05,8.80736843100749e-05
results_official_low_ft19_alpha_a650,results_official_low_ft19_alpha_a650,shapenet/04074963/f677657b2cd55f930d48ff455dd1223,shapenet,04074963,56.087614849492184,67.78261430486535,61.935114577178766,0.00015693498570620547,0.0003573820578597986,8.808729762677103e-05,0.00027341541135683656
results_official_low_ft19_alpha_a750,results_official_low_ft19_alpha_a750,shapenet/03642806/13f5cbc78856f977927930e64238782e,shapenet,03642806,50.484012737573366,76.69133150883845,63.587672123205905,0.0001356161805841085,0.0002738836244249053,3.412254955037497e-05,0.0001463942462578416
results_official_low_ft19_alpha_a750,results_official_low_ft19_alpha_a750,shapenet/03642806/1a46d6683450f2dd46c0b76a60ee4644,shapenet,03642806,64.79181585374197,89.23344796933476,77.01263191153836,0.00011483626514257018,0.00032616355522775546,2.3910102754598483e-05,0.00022207762231118977
results_official_low_ft19_alpha_a750,results_official_low_ft19_alpha_a750,shapenet/03642806/1bb2e873cfbef364cef0dab711014aa8,shapenet,03642806,59.432331577437104,79.63917372774081,69.53575265258895,0.00012374805342987898,0.0003050410788731769,4.242421709932387e-05,0.00020836196199525148
results_official_low_ft19_alpha_a750,results_official_low_ft19_alpha_a750,shapenet/03642806/2134ad3fc25a6284193a4c984002ed32,shapenet,03642806,52.079980714095456,78.38866042302965,65.23432056856255,8.978985568220725e-05,0.00018737441474406613,2.103312908730004e-05,9.732450416777283e-05
results_official_low_ft19_alpha_a750,results_official_low_ft19_alpha_a750,shapenet/03642806/283a115028fffe6e4e67e2e8459ebde,shapenet,03642806,41.19389140637589,53.76916191177036,47.481526659073126,0.00022394176073793322,0.00038081377274165276,0.0001225025625899434,0.0002649801899679005
results_official_low_ft19_alpha_a750,results_official_low_ft19_alpha_a750,shapenet/03642806/28fbfd8b8c9c6f16e1e44e2fc05361d9,shapenet,03642806,29.15135309718082,66.2499159273485,47.70063451226466,0.00013847280883636187,0.0001954487698633124,2.2381065718946047e-05,6.631410360569134e-05
results_official_low_ft19_alpha_a750,results_official_low_ft19_alpha_a750,shapenet/03642806/2d38fa685e71721986a7e0484f5238e4,shapenet,03642806,44.68925796125488,65.95262976338287,55.32094386231888,0.0001380155360889146,0.00024952754383991964,5.133256854605861e-05,0.00015076808631420135
results_official_low_ft19_alpha_a750,results_official_low_ft19_alpha_a750,shapenet/03642806/2d47af483371ff60672faaae04fc887,shapenet,03642806,47.61999678788255,72.87527495062878,60.24763586925566,0.00011548505269041609,0.00022047545935182395,3.30867878801655e-05,0.0001219801779370755
results_official_low_ft19_alpha_a750,results_official_low_ft19_alpha_a750,shapenet/03642806/2f9cc3e20647ebb1cb8118818e564f96,shapenet,03642806,35.85757902153141,61.09686057799666,48.47721979976403,0.00012047807228098852,0.00018782900683064448,3.2665720937075093e-05,8.396679913857952e-05
results_official_low_ft19_alpha_a750,results_official_low_ft19_alpha_a750,shapenet/03642806/454a88f4b2fe4472f9cacf0b2853f40,shapenet,03642806,48.84691896582181,72.51306935153097,60.679994158676394,0.00011660591582370207,0.00022795482396415422,3.441685112193227e-05,0.00012521169264800847
results_official_low_ft19_alpha_a750,results_official_low_ft19_alpha_a750,shapenet/03642806/4e8737495201fa3f71f82dc8af2fe0e0,shapenet,03642806,34.75077036714735,61.918006061174594,48.33438821416097,0.0001276904719209392,0.00019569652031055964,3.305242717033252e-05,8.679279562784359e-05
results_official_low_ft19_alpha_a750,results_official_low_ft19_alpha_a750,shapenet/03642806/5363c4a882e17c9088557758112e80be,shapenet,03642806,35.46216975137627,55.6917433833684,45.576956567372335,0.00011269069631997009,0.00017461184530970998,3.8345096982084215e-05,8.654165139887482e-05
results_official_low_ft19_alpha_a750,results_official_low_ft19_alpha_a750,shapenet/03642806/593d32126cea601d5a952e55d06611ce,shapenet,03642806,62.74511756377032,85.55506129382478,74.15008942879754,0.00012261511957241668,0.0003291249671296125,3.3706106478348374e-05,0.0002333419834030792
results_official_low_ft19_alpha_a750,results_official_low_ft19_alpha_a750,shapenet/03642806/5d544ee4b094c6606436916a86a90ed7,shapenet,03642806,41.16719464494278,62.39001162059075,51.77860313276676,0.0001505355944503958,0.0002558701621347313,5.772233635070734e-05,0.0001534760813228786
results_official_low_ft19_alpha_a750,results_official_low_ft19_alpha_a750,shapenet/03642806/606f4b61d81085d1adbb6cf5d72fbe37,shapenet,03642806,38.660113846394125,61.44134084042558,50.050727343409854,0.00010318772806665829,0.0001682228881355568,3.2259064028039575e-05,8.366230758838356e-05
results_official_low_ft19_alpha_a750,results_official_low_ft19_alpha_a750,shapenet/03642806/62b25a5e3119b8409023147b38c03c9f,shapenet,03642806,40.83647849901251,62.90837403112979,51.87242626507115,0.00014363123717568916,0.00024276992567673954,4.808648009202443e-05,0.00012964241614099592
results_official_low_ft19_alpha_a750,results_official_low_ft19_alpha_a750,shapenet/03642806/645a52293092eceea37e4476f3cf2752,shapenet,03642806,50.288081000612905,70.61531126006957,60.45169613034124,0.00015266762279032397,0.0003071046659699583,5.614873953163624e-05,0.00019108162086922675
results_official_low_ft19_alpha_a750,results_official_low_ft19_alpha_a750,shapenet/03642806/679bb4a724b1e2bc3339d8259ddfa7bb,shapenet,03642806,33.02815174406136,55.12075555566823,44.07445364986479,0.00012714357967066322,0.00018984630554732962,3.864075551973656e-05,8.60993895912543e-05
results_official_low_ft19_alpha_a750,results_official_low_ft19_alpha_a750,shapenet/03642806/69850d70fcaf5a464161e123a102b12b,shapenet,03642806,41.14953185424436,63.54436663810047,52.346949246172414,0.00011682095470350092,0.00019850471607833108,3.7866015190957114e-05,0.00010386876238044351
results_official_low_ft19_alpha_a750,results_official_low_ft19_alpha_a750,shapenet/03642806/6ae14173f5bface824a85bcf396c330,shapenet,03642806,61.16210822180772,72.00306431972841,66.58258627076806,0.00013599759779132353,0.000350167301994716,7.941520016174763e-05,0.0002836567582562566
results_official_low_ft19_alpha_a750,results_official_low_ft19_alpha_a750,shapenet/03642806/6b61ef17b4f45050b598e8984f11eb0c,shapenet,03642806,52.12880107034762,71.52726195869694,61.82803151452228,0.00011712048760526646,0.00024465751897581925,4.330310912337154e-05,0.00015208621334750205
results_official_low_ft19_alpha_a750,results_official_low_ft19_alpha_a750,shapenet/03642806/71907a4a567dce3bb0de1e7a6809fd90,shapenet,03642806,48.05744003995659,69.00812841722595,58.53278422859127,0.00012622908709536938,0.0002430166845693985,4.2238851165166125e-05,0.0001362900948151946
results_official_low_ft19_alpha_a750,results_official_low_ft19_alpha_a750,shapenet/03642806/760b1f82f7133ca1de7d2830be38218d,shapenet,03642806,46.01853229520994,62.86078527592013,54.43965878556503,0.00019837646910116882,0.0003674899507846576,9.504528134129941e-05,0.00025591623852960765
results_official_low_ft19_alpha_a750,results_official_low_ft19_alpha_a750,shapenet/03642806/8489cb783d249651b674654e7bbe623d,shapenet,03642806,40.30435468536828,65.82639832548924,53.06537650542876,0.00010718395408756672,0.0001795507084690068,2.986045365105383e-05,8.737871394259855e-05
results_official_low_ft19_alpha_a750,results_official_low_ft19_alpha_a750,shapenet/03642806/8ac9eb2b975c0d12b5328fde615e4a0c,shapenet,03642806,57.7947759324395,78.22543576668146,68.01010584956047,0.00012490995389476836,0.00029595851379634263,4.3560350604820997e-05,0.0002000515378313139
results_official_low_ft19_alpha_a750,results_official_low_ft19_alpha_a750,shapenet/03642806/90c01fd78513bb99c9b20aa1b8066c46,shapenet,03642806,55.240291121273735,83.43408183680393,69.33718647903883,0.00010216929531204411,0.00022826175118534762,2.3221226001624018e-05,0.00014017469948157668
results_official_low_ft19_alpha_a750,results_official_low_ft19_alpha_a750,shapenet/03642806/928c86eabc0be624c2bf2dcc31ba1713,shapenet,03642806,36.19097991324984,55.237164844872154,45.714072379060994,0.00015424191031361017,0.00024172430497116856,5.50092663615942e-05,0.0001228904875461012
results_official_low_ft19_alpha_a750,results_official_low_ft19_alpha_a750,shapenet/03642806/93958423b98be8b538ff1b6d120c56aa,shapenet,03642806,42.86393458190035,58.10405002479533,50.48399230334784,0.00016089223935645286,0.00028159488788579616,7.459981861757115e-05,0.00017805973766371608
results_official_low_ft19_alpha_a750,results_official_low_ft19_alpha_a750,shapenet/03642806/950d3ea26d07b7dafdc319d8ace3a11,shapenet,03642806,57.582321786973445,78.47032934755454,68.026325567264,0.0001324419686144885,0.0003122329514344217,4.317740967962891e-05,0.00020054839842487127
results_official_low_ft19_alpha_a750,results_official_low_ft19_alpha_a750,shapenet/03642806/9d48ab8c41174e60888cad7f6c0e6001,shapenet,03642806,58.51615291929214,79.28193727733982,68.89904509831598,0.00011297039724195877,0.00027232382045515703,3.5753881093114614e-05,0.0001725734764477238
results_official_low_ft19_alpha_a750,results_official_low_ft19_alpha_a750,shapenet/03642806/9ddc0f876f54a784f3655a2ce983ab1f,shapenet,03642806,45.20945546616233,70.04936178877594,57.62940862746913,0.00011219258815021443,0.00020476633168142045,3.480317900539376e-05,0.00011620179429883137
results_official_low_ft19_alpha_a750,results_official_low_ft19_alpha_a750,shapenet/03642806/9e901676eeb65f352b1c9d869bc37167,shapenet,03642806,55.56981021363172,74.5711661489137,65.07048818127271,0.00014956713710044528,0.00033663402704242845,5.994072853354737e-05,0.0002357195335207507
results_official_low_ft19_alpha_a750,results_official_low_ft19_alpha_a750,shapenet/03642806/a874a1d28852062ec2743f037f439af3,shapenet,03642806,40.21591067602115,63.25630122028746,51.736105948154304,0.0001447324920221821,0.00024209199079349567,4.6461605961667374e-05,0.00012644781963899732
results_official_low_ft19_alpha_a750,results_official_low_ft19_alpha_a750,shapenet/03642806/b210db4bca21536ed6daca3908cc94ab,shapenet,03642806,42.18646491166504,64.61654597386809,53.40150544276656,0.00013897599546154084,0.00024038660713134985,4.9074562411988154e-05,0.00013869353279005736
results_official_low_ft19_alpha_a750,results_official_low_ft19_alpha_a750,shapenet/03642806/b806daf849a5dba289c212008d2a390e,shapenet,03642806,54.03375599259801,74.14266795229992,64.08821197244896,0.00013518841940234172,0.0002941036891780242,4.877539322478697e-05,0.0001886327372631058
results_official_low_ft19_alpha_a750,results_official_low_ft19_alpha_a750,shapenet/03642806/b95ca4fa91a57394e4b68d3b17c43658,shapenet,03642806,61.598556180546716,83.48254807527049,72.5405521279086,0.00012356507958821014,0.0003217719629739935,3.580164775485173e-05,0.00021675042808055878
results_official_low_ft19_alpha_a750,results_official_low_ft19_alpha_a750,shapenet/03642806/bd879abd9b5c15d75d66db82418edc83,shapenet,03642806,42.472558115590445,75.98965642884026,59.231107272215354,8.721580580349275e-05,0.00015160730765455607,1.5716737834736705e-05,6.545819633174688e-05
results_official_low_ft19_alpha_a750,results_official_low_ft19_alpha_a750,shapenet/03642806/c8309234b360aa2c747803756378b292,shapenet,03642806,51.06376134911348,75.3980064944511,63.23088392178229,0.0001497397136121717,0.000305989421623558,4.867971802013926e-05,0.00019786899792961776
results_official_low_ft19_alpha_a750,results_official_low_ft19_alpha_a750,shapenet/03642806/cb1e3a990782678b4b6682da890df381,shapenet,03642806,40.59754005177607,59.99668043035845,50.29711024106726,0.0001345447139854716,0.0002264968725247116,5.1407241699052975e-05,0.00012850743951275945
results_official_low_ft19_alpha_a750,results_official_low_ft19_alpha_a750,shapenet/03642806/d7e7e6651a23afc68ba4e518219eb66a,shapenet,03642806,62.73935714142793,85.00592989050193,73.87264351596494,0.00010758331261753254,0.0002887317672587666,2.745945494098123e-05,0.0001831354311434552
results_official_low_ft19_alpha_a750,results_official_low_ft19_alpha_a750,shapenet/03642806/e466c2c86a439c1faebff3b001eb4a27,shapenet,03642806,36.41812165492861,64.55874681308406,50.488434234006334,0.00011635713696235291,0.00018300361673944234,2.9021148293395527e-05,8.188522042473778e-05
results_official_low_ft19_alpha_a750,results_official_low_ft19_alpha_a750,shapenet/03642806/e55ececde88255b93e73f3893a7337bb,shapenet,03642806,39.182555054223556,64.1304902030503,51.65652262863693,0.00015816558262349192,0.0002600661418191919,5.057253656559624e-05,0.00014099031977821141
results_official_low_ft19_alpha_a750,results_official_low_ft19_alpha_a750,shapenet/03642806/e6329b09d7920f006f729e50d852de2e,shapenet,03642806,50.92815814114138,71.01513281192224,60.97164547653181,0.00013403329571019893,0.00027313687571725565,5.070322367828339e-05,0.00017492998449597508
results_official_low_ft19_alpha_a750,results_official_low_ft19_alpha_a750,shapenet/03642806/e9bb4175bc73a2eeb60886b233d6cbd8,shapenet,03642806,59.257806175688856,80.51467127146584,69.88623872357735,0.00010888835541299995,0.00026726188551001766,3.367348472238518e-05,0.00017281455802731216
results_official_low_ft19_alpha_a750,results_official_low_ft19_alpha_a750,shapenet/03642806/ec3223edbdef2db93334fb6668ccd834,shapenet,03642806,68.67392059446256,85.00919214543623,76.84155636994939,9.637845306350368e-05,0.00030766203397437306,3.2983462006086484e-05,0.00022002457990311086
results_official_low_ft19_alpha_a750,results_official_low_ft19_alpha_a750,shapenet/03642806/f28fe2f836cb0dfaa8f4918d18e28074,shapenet,03642806,47.66681856497049,70.03169249495902,58.84925552996475,0.0001558234564219653,0.0002977526917896568,5.2228358981665224e-05,0.00017427864077035338
results_official_low_ft19_alpha_a750,results_official_low_ft19_alpha_a750,shapenet/03642806/fae8d4929159d0df7d14ad32b7473fd2,shapenet,03642806,57.63820220640774,79.84998555294248,68.74409387967512,0.00014836109031315941,0.00035022378189907905,4.817318404093385e-05,0.00023907270224299282
results_official_low_ft19_alpha_a750,results_official_low_ft19_alpha_a750,shapenet/03642806/fd2f7a1c6eb7a0d4803dd502eefd8dc3,shapenet,03642806,43.91045830618096,66.5948908277687,55.25267456697483,0.00013424189762718464,0.00023933498754541947,4.2110270442208275e-05,0.0001260593708138913
results_official_low_ft19_alpha_a750,results_official_low_ft19_alpha_a750,shapenet/04074963/1aa78ce410bdbcd92530f02db7e9157e,shapenet,04074963,56.79141683015685,77.68133601745204,67.23637642380444,0.00011358585526157172,0.00026287799073413596,3.5714463592739776e-05,0.00016002061602193862
results_official_low_ft19_alpha_a750,results_official_low_ft19_alpha_a750,shapenet/04074963/2053bdd83749adcc1e5c09d9fe5c0c76,shapenet,04074963,35.480193285893016,41.23260620964432,38.35639974776866,0.00026728627408617025,0.00041427010975178454,0.00020762435451615602,0.0003532985574565828
results_official_low_ft19_alpha_a750,results_official_low_ft19_alpha_a750,shapenet/04074963/226078581cd4efd755c5278938766a05,shapenet,04074963,51.96755081564983,72.93463456675647,62.45109269120315,7.631353734155084e-05,0.00015887912991622996,2.589277210063301e-05,9.566755034029484e-05
results_official_low_ft19_alpha_a750,results_official_low_ft19_alpha_a750,shapenet/04074963/240456647fbca47396d8609ec76a915b,shapenet,04074963,55.561455655554305,71.42706265721152,63.49425915638291,9.539468920383607e-05,0.00021466654817589516,4.318771243561059e-05,0.00015114901179913431
results_official_low_ft19_alpha_a750,results_official_low_ft19_alpha_a750,shapenet/04074963/25182f6e03375c9e7b6fd5468f603b31,shapenet,04074963,49.6637600856497,73.76556120221223,61.71466064393096,0.00010601282860583065,0.00021060935180342616,3.0382456316147e-05,0.00011581134458538145
results_official_low_ft19_alpha_a750,results_official_low_ft19_alpha_a750,shapenet/04074963/28f2a5df4a926c3e140a527375fd6757,shapenet,04074963,50.31973237987418,60.83735110174524,55.57854174080971,0.0002261453168142674,0.0004552014867219724,0.0001401714253006503,0.00035792120615951717
results_official_low_ft19_alpha_a750,results_official_low_ft19_alpha_a750,shapenet/04074963/2c6493d31849c15a75f1efca97bee05a,shapenet,04074963,54.64913535637551,78.60823281538303,66.62868408587927,7.492990174986708e-05,0.0001652226530600467,1.9965014871559106e-05,9.333036723546684e-05
results_official_low_ft19_alpha_a750,results_official_low_ft19_alpha_a750,shapenet/04074963/3039044a24972ae37bdb91f66fe1a363,shapenet,04074963,67.64714670592713,82.27219528684333,74.95967099638523,0.00010769044453175356,0.00033286227818268735,4.498124690144323e-05,0.00025373275275342166
results_official_low_ft19_alpha_a750,results_official_low_ft19_alpha_a750,shapenet/04074963/33a7613166c65aa0c7c51d4ea74651a7,shapenet,04074963,30.550652200171257,45.51564059908222,38.03314639962674,0.00013999379444429533,0.00020157683099889464,6.550306716235355e-05,0.00012022361624985933
results_official_low_ft19_alpha_a750,results_official_low_ft19_alpha_a750,shapenet/04074963/33f2d5cb9df739a0cf01bc59d215f0,shapenet,04074963,42.79938770247623,53.02700491929342,47.91319631088483,0.00019625002783105598,0.0003430907816340835,0.0001213692594319582,0.0002583809255156666
results_official_low_ft19_alpha_a750,results_official_low_ft19_alpha_a750,shapenet/04074963/404b2de4bc8bef211eba86b475bafe7,shapenet,04074963,37.39695708644493,49.658764869086326,43.52786097776563,0.00011312461918788422,0.00018070147060437856,6.22044171905145e-05,0.00012356553634162992
results_official_low_ft19_alpha_a750,results_official_low_ft19_alpha_a750,shapenet/04074963/436c74caa92dcf123c81d9b042c20aa4,shapenet,04074963,72.69555271748682,88.91005872006824,80.80280571877753,8.498298168828217e-05,0.00031124227056853317,2.5767159968381748e-05,0.00023234712716657668
results_official_low_ft19_alpha_a750,results_official_low_ft19_alpha_a750,shapenet/04074963/48d98af2e73604103c207eb23f7d33b0,shapenet,04074963,37.618289068365186,50.39834666510043,44.00831786673281,0.0001238660481303237,0.00019856147944719027,6.537921581184492e-05,0.00013180854148231447
results_official_low_ft19_alpha_a750,results_official_low_ft19_alpha_a750,shapenet/04074963/49c6003c2248bdd1906ed109a4ea50d6,shapenet,04074963,46.81434858130523,74.62080567491715,60.71757712811119,0.00011928715067239631,0.000224284459230045,2.875486643461045e-05,0.00011330094275763258
results_official_low_ft19_alpha_a750,results_official_low_ft19_alpha_a750,shapenet/04074963/4c78551ab00fb1873fbe480a485feffd,shapenet,04074963,73.44551914533378,89.13093970286604,81.28822942409991,8.48517370532368e-05,0.00031953830134218733,2.618521284603048e-05,0.0002409151493338868
results_official_low_ft19_alpha_a750,results_official_low_ft19_alpha_a750,shapenet/04074963/4df6e942001af26f16a077c4c0fc1181,shapenet,04074963,53.20844692839739,71.16984023106731,62.18914357973235,9.865302926417926e-05,0.00021083512469273203,3.996431769337505e-05,0.00013861982733942568
results_official_low_ft19_alpha_a750,results_official_low_ft19_alpha_a750,shapenet/04074963/4e73215ae0f33d23a5e3ac6ff4952f3,shapenet,04074963,52.584201827265645,76.32211737139646,64.45315959933106,0.00013585032420523262,0.00028650856769369125,4.3356380047043785e-05,0.00018310919404029846
results_official_low_ft19_alpha_a750,results_official_low_ft19_alpha_a750,shapenet/04074963/4fae99783aa8706c548eb4d45dc63633,shapenet,04074963,49.01832082798343,73.74238871338714,61.38035477068529,6.718042517877719e-05,0.00013177366118543224,1.8726754205999896e-05,7.131933671189472e-05
results_official_low_ft19_alpha_a750,results_official_low_ft19_alpha_a750,shapenet/04074963/55858ff5b407677f35a527bc320873ed,shapenet,04074963,48.874044072921976,59.379458816577625,54.1267514447498,0.00020093240784655527,0.0003930144761168851,0.00012564350618049502,0.0003093102714046836
results_official_low_ft19_alpha_a750,results_official_low_ft19_alpha_a750,shapenet/04074963/57759e351ec76d86d3c1501c166e6b2a,shapenet,04074963,46.400774105442174,66.93851978812226,56.66964694678222,0.0001286519861847424,0.00024002582880176452,4.790966340806335e-05,0.00014491082401946187
results_official_low_ft19_alpha_a750,results_official_low_ft19_alpha_a750,shapenet/04074963/58156300ed442f981047874d2f3335a,shapenet,04074963,53.08970405171707,70.24605051104402,61.66787728138054,9.419943935811496e-05,0.00020080759981127975,4.071030707564205e-05,0.00013682320422958583
results_official_low_ft19_alpha_a750,results_official_low_ft19_alpha_a750,shapenet/04074963/5938818cc2f2cfbe9cb9203a133c0554,shapenet,04074963,50.309221905298514,71.90676769935722,61.107994802327866,0.00011052084659989203,0.0002224172187226765,3.902808020939119e-05,0.0001389234239468351
results_official_low_ft19_alpha_a750,results_official_low_ft19_alpha_a750,shapenet/04074963/6411d7e5e038534c13b3690b5eeccc36,shapenet,04074963,53.41926480977415,67.1063046636003,60.26278473668722,0.00015045073139897456,0.0003229891730660018,7.939428178360686e-05,0.00024136625870596617
results_official_low_ft19_alpha_a750,results_official_low_ft19_alpha_a750,shapenet/04074963/647b7f4f47b3fea54dc062c02826dec,shapenet,04074963,69.53268845491792,87.3897628957479,78.46122567533291,7.940974478290065e-05,0.00026063915966264076,2.3877961211837828e-05,0.0001893537846626714
results_official_low_ft19_alpha_a750,results_official_low_ft19_alpha_a750,shapenet/04074963/6f6ed9e0d29b64e714be24585075d395,shapenet,04074963,56.761074994435944,68.29319277302055,62.52713388372825,0.00016860389049614324,0.0003899354354310313,9.675438195699826e-05,0.00030515334219671786
results_official_low_ft19_alpha_a750,results_official_low_ft19_alpha_a750,shapenet/04074963/7852a457e59fd546d26c2593d1870bdb,shapenet,04074963,38.45062811578293,49.69075448743807,44.0706913016105,0.00019423401667607022,0.00031557432794188616,0.00011388428538339213,0.00022636850189883262
results_official_low_ft19_alpha_a750,results_official_low_ft19_alpha_a750,shapenet/04074963/7af8b6f6f78d0eddea30b1080420ecf9,shapenet,04074963,50.5807428230809,71.99063313934091,61.285687981210906,0.0001149131246413665,0.00023252701721108792,3.8142665289342403e-05,0.00013617824879474938
results_official_low_ft19_alpha_a750,results_official_low_ft19_alpha_a750,shapenet/04074963/80701d854496d6fe67a964feaf6ebeb,shapenet,04074963,54.38978576563026,69.61980503565282,62.00479540064154,0.00013716208160669062,0.00030072667692784404,6.49982102913782e-05,0.00021394928626250476
results_official_low_ft19_alpha_a750,results_official_low_ft19_alpha_a750,shapenet/04074963/81cbe7a64eb030c6c221cf4c35c835e,shapenet,04074963,57.388278633232105,76.44379999700578,66.91603931511895,0.00015328660332138068,0.0003597287281638102,6.044739711796865e-05,0.00025660928804427385
results_official_low_ft19_alpha_a750,results_official_low_ft19_alpha_a750,shapenet/04074963/86982fe32e06c96b11eba86b475bafe7,shapenet,04074963,34.154712474077876,46.384591544173034,40.26965200912545,9.218819388789946e-05,0.00014000727668112407,5.0259877752978355e-05,9.374148066854104e-05
results_official_low_ft19_alpha_a750,results_official_low_ft19_alpha_a750,shapenet/04074963/8f14d5b24d2b798b16a077c4c0fc1181,shapenet,04074963,70.11132940246961,86.8637423964014,78.4875358994355,9.331661370777768e-05,0.0003122139989574783,3.0297984267235734e-05,0.0002306439564563334
results_official_low_ft19_alpha_a750,results_official_low_ft19_alpha_a750,shapenet/04074963/9716c839bba80514906ed109a4ea50d6,shapenet,04074963,41.23753933448889,67.89260029185868,54.56506981317379,0.00011577529151510178,0.00019702253820533535,2.9737528166151606e-05,9.261892409995198e-05
results_official_low_ft19_alpha_a750,results_official_low_ft19_alpha_a750,shapenet/04074963/9d5f59e259057baa910a53622567655f,shapenet,04074963,62.30341870097909,73.69249290221029,67.99795580159468,8.315120541526686e-05,0.0002205802291610633,4.619057654053904e-05,0.00017557945102453232
results_official_low_ft19_alpha_a750,results_official_low_ft19_alpha_a750,shapenet/04074963/9fcf820f1362798e1c990bbe4403b3a1,shapenet,04074963,73.09221841401352,85.19267675715967,79.1424475855866,9.596968307199273e-05,0.00035666144667226507,4.2528270569164306e-05,0.0002872110635507852
results_official_low_ft19_alpha_a750,results_official_low_ft19_alpha_a750,shapenet/04074963/a27dc622395c3648db8fa1712f9ee93,shapenet,04074963,68.59113547022618,85.54962149662413,77.07037848342515,7.49114786495717e-05,0.0002385042559515638,2.5614292098907754e-05,0.00017725689394865185
results_official_low_ft19_alpha_a750,results_official_low_ft19_alpha_a750,shapenet/04074963/a67e5a678c54d757db8fa1712f9ee93,shapenet,04074963,50.482280549214984,64.06284922655907,57.27256488788703,0.00010399357738480347,0.00021001285709080619,5.521900311578065e-05,0.00015365437138825655
results_official_low_ft19_alpha_a750,results_official_low_ft19_alpha_a750,shapenet/04074963/a6a121234c2077d6dcd16fe97fafc2c6,shapenet,04074963,53.572116536308116,70.51059874422947,62.04135764026879,0.00010436582682822257,0.00022479126559762311,4.562224057735875e-05,0.00015470724611077458
results_official_low_ft19_alpha_a750,results_official_low_ft19_alpha_a750,shapenet/04074963/b1a97d944c1b3fa2357f57aad9e1b3cc,shapenet,04074963,48.89557017071304,68.39295540254393,58.64426278662849,7.0442528430282e-05,0.0001378403568254131,2.7395759389037266e-05,8.667611837154254e-05
results_official_low_ft19_alpha_a750,results_official_low_ft19_alpha_a750,shapenet/04074963/b2c79f7add7cb56ac03df0bb156692e3,shapenet,04074963,72.129778957722,84.5503054019193,78.34004217982064,0.00011355973764409376,0.00040745904911133706,5.0439019105397165e-05,0.00032647259649820626
results_official_low_ft19_alpha_a750,results_official_low_ft19_alpha_a750,shapenet/04074963/b9714784de07ad31cae0e78ad4bea7bf,shapenet,04074963,42.908425835666755,57.12399235507727,50.01620909537201,0.00018667441646440212,0.0003269736720292134,0.00010176536306971684,0.00023734803835395724
results_official_low_ft19_alpha_a750,results_official_low_ft19_alpha_a750,shapenet/04074963/c21ec53c8531344b8ef01232dadbdf7f,shapenet,04074963,36.07257360961346,56.91341057231267,46.492992090963064,9.823991140975736e-05,0.00015367412229272967,3.429752177908085e-05,7.960138464113697e-05
results_official_low_ft19_alpha_a750,results_official_low_ft19_alpha_a750,shapenet/04074963/c72ecbad07876e71ab0467582043bd43,shapenet,04074963,38.74936222914791,62.979161096820505,50.864261662984205,5.304683401289283e-05,8.66061741452376e-05,1.632679777685553e-05,4.4101641833549365e-05
results_official_low_ft19_alpha_a750,results_official_low_ft19_alpha_a750,shapenet/04074963/cc5571508716b1e5808951ff5fb582ac,shapenet,04074963,54.22840083541487,74.02936433616254,64.1288825857887,8.49134892143177e-05,0.00018551567077432994,3.107734664808959e-05,0.00011966340389335528
results_official_low_ft19_alpha_a750,results_official_low_ft19_alpha_a750,shapenet/04074963/cc846e66cbfe697bffb5024c146ec04e,shapenet,04074963,43.756704890762485,64.52798837340266,54.14234663208258,6.794356027819956e-05,0.00012080295108285783,2.47255611611763e-05,6.970442336751148e-05
results_official_low_ft19_alpha_a750,results_official_low_ft19_alpha_a750,shapenet/04074963/cd0c46f23b28b94ce56eff8fe87c1176,shapenet,04074963,71.83881177888676,83.61363586080743,77.72622381984709,9.98814557104693e-05,0.0003546777036758178,4.699117562267929e-05,0.0002867699950002134
results_official_low_ft19_alpha_a750,results_official_low_ft19_alpha_a750,shapenet/04074963/d9ca2dcaf1d9d850dc605801df3f66ec,shapenet,04074963,59.690195295635164,77.60971688945084,68.649956092543,0.00013727193812773997,0.0003405423051153504,5.27445190527942e-05,0.00023556879023090005
results_official_low_ft19_alpha_a750,results_official_low_ft19_alpha_a750,shapenet/04074963/dd110b09266edec5fdcb551a4a7a3f9f,shapenet,04074963,48.76309286392206,71.69589382140997,60.22949334266602,0.00010808317833798268,0.0002109478974812612,3.396770262042992e-05,0.00012000980495940894
results_official_low_ft19_alpha_a750,results_official_low_ft19_alpha_a750,shapenet/04074963/e08c8823d837fceeb2b53d011d5b25b,shapenet,04074963,57.35453086812785,72.72905041582749,65.04179064197767,0.0002116111821649763,0.0004962102339890158,9.82645433396101e-05,0.00036032681236974895
results_official_low_ft19_alpha_a750,results_official_low_ft19_alpha_a750,shapenet/04074963/e739278e9039922dff7f69173a1ae6d4,shapenet,04074963,46.82064644820228,62.513160112082524,54.66690328014241,0.0001725734798851178,0.00032451218068498694,8.241578325396404e-05,0.00021985257626511157
results_official_low_ft19_alpha_a750,results_official_low_ft19_alpha_a750,shapenet/04074963/f3366e751820f0f77e1c85c5c15da7fb,shapenet,04074963,48.354595323045544,72.65073725160072,60.50266628732313,8.418886638023731e-05,0.00016301327660581702,2.40875033341581e-05,8.80736843100749e-05
results_official_low_ft19_alpha_a750,results_official_low_ft19_alpha_a750,shapenet/04074963/f677657b2cd55f930d48ff455dd1223,shapenet,04074963,60.19329239191905,72.77908191212671,66.48618715202288,0.0001422620308159927,0.0003573820578597986,7.442618516506627e-05,0.00027341541135683656
results_official_low_ft19_alpha_a850,results_official_low_ft19_alpha_a850,shapenet/03642806/13f5cbc78856f977927930e64238782e,shapenet,03642806,52.87384078313357,80.02574592430958,66.44979335372157,0.00012907083291540533,0.0002738836244249053,2.9241158699733205e-05,0.0001463942462578416
results_official_low_ft19_alpha_a850,results_official_low_ft19_alpha_a850,shapenet/03642806/1a46d6683450f2dd46c0b76a60ee4644,shapenet,03642806,64.69770086218794,90.53414661683351,77.61592373951072,0.00011514323394502506,0.00032616355522775546,2.1021542124799453e-05,0.00022207762231118977
results_official_low_ft19_alpha_a850,results_official_low_ft19_alpha_a850,shapenet/03642806/1bb2e873cfbef364cef0dab711014aa8,shapenet,03642806,60.04101115642986,81.26546030404668,70.65323573023826,0.00012189133067523877,0.0003050410788731769,3.9035654481267557e-05,0.00020836196199525148
results_official_low_ft19_alpha_a850,results_official_low_ft19_alpha_a850,shapenet/03642806/2134ad3fc25a6284193a4c984002ed32,shapenet,03642806,55.1845099573246,82.38311982690422,68.7838148921144,8.397276218214826e-05,0.00018737441474406613,1.714554127829615e-05,9.732450416777283e-05
results_official_low_ft19_alpha_a850,results_official_low_ft19_alpha_a850,shapenet/03642806/283a115028fffe6e4e67e2e8459ebde,shapenet,03642806,44.38726516879187,57.62729209799389,51.00727863339288,0.0002117809536355349,0.00038081377274165276,0.0001122792818932794,0.0002649801899679005
results_official_low_ft19_alpha_a850,results_official_low_ft19_alpha_a850,shapenet/03642806/28fbfd8b8c9c6f16e1e44e2fc05361d9,shapenet,03642806,29.148905020985204,67.75713421593983,48.45301961846252,0.0001384775935711715,0.0001954487698633124,2.138156742148567e-05,6.631410360569134e-05
results_official_low_ft19_alpha_a850,results_official_low_ft19_alpha_a850,shapenet/03642806/2d38fa685e71721986a7e0484f5238e4,shapenet,03642806,46.914058438994864,68.84150439970102,57.87778141934794,0.00013246404610147122,0.00024952754383991964,4.697706754086539e-05,0.00015076808631420135
results_official_low_ft19_alpha_a850,results_official_low_ft19_alpha_a850,shapenet/03642806/2d47af483371ff60672faaae04fc887,shapenet,03642806,49.91777778329954,75.88959755507184,62.90368766918569,0.00011041900948587156,0.00022047545935182395,2.9409911803668365e-05,0.0001219801779370755
results_official_low_ft19_alpha_a850,results_official_low_ft19_alpha_a850,shapenet/03642806/2f9cc3e20647ebb1cb8118818e564f96,shapenet,03642806,37.237822329770765,63.800921621769405,50.519371975770085,0.00011788557498327611,0.00018782900683064448,3.0395207431865856e-05,8.396679913857952e-05
results_official_low_ft19_alpha_a850,results_official_low_ft19_alpha_a850,shapenet/03642806/454a88f4b2fe4472f9cacf0b2853f40,shapenet,03642806,51.83736733156259,76.38105495484795,64.10921114320527,0.00010978904451583873,0.00022795482396415422,2.957368087663781e-05,0.00012521169264800847
results_official_low_ft19_alpha_a850,results_official_low_ft19_alpha_a850,shapenet/03642806/4e8737495201fa3f71f82dc8af2fe0e0,shapenet,03642806,35.46655459902625,63.543776859042026,49.50516572903414,0.0001262897070862205,0.00019569652031055964,3.164137524436228e-05,8.679279562784359e-05
results_official_low_ft19_alpha_a850,results_official_low_ft19_alpha_a850,shapenet/03642806/5363c4a882e17c9088557758112e80be,shapenet,03642806,37.36196174840478,58.29700608549011,47.829483916947446,0.0001093734344569124,0.00017461184530970998,3.6090459616389126e-05,8.654165139887482e-05
results_official_low_ft19_alpha_a850,results_official_low_ft19_alpha_a850,shapenet/03642806/593d32126cea601d5a952e55d06611ce,shapenet,03642806,62.470104264804085,86.38458481713192,74.42734454096801,0.0001235202570022414,0.0003291249671296125,3.177047983626835e-05,0.0002333419834030792
results_official_low_ft19_alpha_a850,results_official_low_ft19_alpha_a850,shapenet/03642806/5d544ee4b094c6606436916a86a90ed7,shapenet,03642806,43.55827324041067,66.18787829024095,54.87307576532581,0.00014441753777140324,0.0002558701621347313,5.18935194122605e-05,0.0001534760813228786
results_official_low_ft19_alpha_a850,results_official_low_ft19_alpha_a850,shapenet/03642806/606f4b61d81085d1adbb6cf5d72fbe37,shapenet,03642806,40.3201658796657,64.10695649678304,52.213561188224375,0.00010039514059173582,0.0001682228881355568,3.0028948458493687e-05,8.366230758838356e-05
results_official_low_ft19_alpha_a850,results_official_low_ft19_alpha_a850,shapenet/03642806/62b25a5e3119b8409023147b38c03c9f,shapenet,03642806,42.72002389812231,65.53860838286494,54.12931614049362,0.00013905855541018264,0.00024276992567673954,4.4676580728264526e-05,0.00012964241614099592
results_official_low_ft19_alpha_a850,results_official_low_ft19_alpha_a850,shapenet/03642806/645a52293092eceea37e4476f3cf2752,shapenet,03642806,53.27969147124569,74.34700471684283,63.81334809404426,0.00014348024744736487,0.0003071046659699583,4.9018159188563004e-05,0.00019108162086922675
results_official_low_ft19_alpha_a850,results_official_low_ft19_alpha_a850,shapenet/03642806/679bb4a724b1e2bc3339d8259ddfa7bb,shapenet,03642806,34.3755368698686,57.09977090289274,45.73765388638067,0.00012458561878782393,0.00018984630554732962,3.693683538585901e-05,8.60993895912543e-05
results_official_low_ft19_alpha_a850,results_official_low_ft19_alpha_a850,shapenet/03642806/69850d70fcaf5a464161e123a102b12b,shapenet,03642806,43.32737993269797,66.54593630788841,54.93665812029319,0.00011249782355874917,0.00019850471607833108,3.474832192296162e-05,0.00010386876238044351
results_official_low_ft19_alpha_a850,results_official_low_ft19_alpha_a850,shapenet/03642806/6ae14173f5bface824a85bcf396c330,shapenet,03642806,63.69282926081503,75.30615238162467,69.49949082121985,0.000127135840208019,0.000350167301994716,7.004576764302328e-05,0.0002836567582562566
results_official_low_ft19_alpha_a850,results_official_low_ft19_alpha_a850,shapenet/03642806/6b61ef17b4f45050b598e8984f11eb0c,shapenet,03642806,55.78125491060515,76.0727699990958,65.92701245485047,0.00010818448465795535,0.00024465751897581925,3.639001806732267e-05,0.00015208621334750205
results_official_low_ft19_alpha_a850,results_official_low_ft19_alpha_a850,shapenet/03642806/71907a4a567dce3bb0de1e7a6809fd90,shapenet,03642806,51.155134003797556,72.92440494036592,62.03976947208174,0.00011870117392633669,0.0002430166845693985,3.690135417855345e-05,0.0001362900948151946
results_official_low_ft19_alpha_a850,results_official_low_ft19_alpha_a850,shapenet/03642806/760b1f82f7133ca1de7d2830be38218d,shapenet,03642806,49.01844428894046,66.57671284052533,57.797578564732895,0.0001873520939918255,0.0003674899507846576,8.55356192914769e-05,0.00025591623852960765
results_official_low_ft19_alpha_a850,results_official_low_ft19_alpha_a850,shapenet/03642806/8489cb783d249651b674654e7bbe623d,shapenet,03642806,41.56918803795222,67.83580749787725,54.702497767914736,0.00010491293684204996,0.0001795507084690068,2.810465775837656e-05,8.737871394259855e-05
results_official_low_ft19_alpha_a850,results_official_low_ft19_alpha_a850,shapenet/03642806/8ac9eb2b975c0d12b5328fde615e4a0c,shapenet,03642806,57.662754080351476,79.25872473538158,68.46073940786653,0.0001253006838060945,0.00029595851379634263,4.1493240132695064e-05,0.0002000515378313139
results_official_low_ft19_alpha_a850,results_official_low_ft19_alpha_a850,shapenet/03642806/90c01fd78513bb99c9b20aa1b8066c46,shapenet,03642806,53.027689766026185,82.2990987914955,67.66339427876085,0.00010721981791228288,0.00022826175118534762,2.4812185074551962e-05,0.00014017469948157668
results_official_low_ft19_alpha_a850,results_official_low_ft19_alpha_a850,shapenet/03642806/928c86eabc0be624c2bf2dcc31ba1713,shapenet,03642806,38.22360732752178,58.17114507215537,48.19737619983857,0.00014932855582380788,0.00024172430497116856,5.140368375577964e-05,0.0001228904875461012
results_official_low_ft19_alpha_a850,results_official_low_ft19_alpha_a850,shapenet/03642806/93958423b98be8b538ff1b6d120c56aa,shapenet,03642806,46.1956000349112,62.03132809836278,54.11346406663699,0.00015151043975931717,0.00028159488788579616,6.76069175824523e-05,0.00017805973766371608
results_official_low_ft19_alpha_a850,results_official_low_ft19_alpha_a850,shapenet/03642806/950d3ea26d07b7dafdc319d8ace3a11,shapenet,03642806,57.90104839096407,79.62618911429684,68.76361875263045,0.00013144679913184185,0.0003122329514344217,4.085935142938979e-05,0.00020054839842487127
results_official_low_ft19_alpha_a850,results_official_low_ft19_alpha_a850,shapenet/03642806/9d48ab8c41174e60888cad7f6c0e6001,shapenet,03642806,58.79726157291405,80.37277559057941,69.58501858174674,0.00011220487141678556,0.00027232382045515703,3.387138349353336e-05,0.0001725734764477238
results_official_low_ft19_alpha_a850,results_official_low_ft19_alpha_a850,shapenet/03642806/9ddc0f876f54a784f3655a2ce983ab1f,shapenet,03642806,47.577414487789405,73.27253932572451,60.42497690675695,0.0001073438053259094,0.00020476633168142045,3.105778887402266e-05,0.00011620179429883137
results_official_low_ft19_alpha_a850,results_official_low_ft19_alpha_a850,shapenet/03642806/9e901676eeb65f352b1c9d869bc37167,shapenet,03642806,59.43843251795611,79.21025731790485,69.32434491793047,0.0001365440380463365,0.00033663402704242845,4.9005484470399097e-05,0.0002357195335207507
results_official_low_ft19_alpha_a850,results_official_low_ft19_alpha_a850,shapenet/03642806/a874a1d28852062ec2743f037f439af3,shapenet,03642806,41.73275121552994,65.7065516855655,53.719651450547715,0.00014106034256292248,0.00024209199079349567,4.336331767262891e-05,0.00012644781963899732
results_official_low_ft19_alpha_a850,results_official_low_ft19_alpha_a850,shapenet/03642806/b210db4bca21536ed6daca3908cc94ab,shapenet,03642806,44.22725502495395,67.76800878233821,55.99763190364608,0.0001340702093495336,0.00024038660713134985,4.4703687308356166e-05,0.00013869353279005736
results_official_low_ft19_alpha_a850,results_official_low_ft19_alpha_a850,shapenet/03642806/b806daf849a5dba289c212008d2a390e,shapenet,03642806,54.63835180350023,75.59265427078203,65.11550303714114,0.0001334102808178625,0.0002941036891780242,4.604024434229359e-05,0.0001886327372631058
results_official_low_ft19_alpha_a850,results_official_low_ft19_alpha_a850,shapenet/03642806/b95ca4fa91a57394e4b68d3b17c43658,shapenet,03642806,62.14392822963393,84.88698471216067,73.5154564708973,0.0001218102252403507,0.0003217719629739935,3.275752533227205e-05,0.00021675042808055878
results_official_low_ft19_alpha_a850,results_official_low_ft19_alpha_a850,shapenet/03642806/bd879abd9b5c15d75d66db82418edc83,shapenet,03642806,43.71107894563969,78.29873480882468,61.00490687723219,8.533811771831422e-05,0.00015160730765455607,1.4205256775312591e-05,6.545819633174688e-05
results_official_low_ft19_alpha_a850,results_official_low_ft19_alpha_a850,shapenet/03642806/c8309234b360aa2c747803756378b292,shapenet,03642806,49.066844555324174,74.95123903342493,62.00904179437455,0.0001558500677597913,0.000305989421623558,4.956373231834732e-05,0.00019786899792961776
results_official_low_ft19_alpha_a850,results_official_low_ft19_alpha_a850,shapenet/03642806/cb1e3a990782678b4b6682da890df381,shapenet,03642806,42.71709056093908,62.85322587658606,52.78515821876257,0.00012974399837063582,0.0002264968725247116,4.773636828758754e-05,0.00012850743951275945
results_official_low_ft19_alpha_a850,results_official_low_ft19_alpha_a850,shapenet/03642806/d7e7e6651a23afc68ba4e518219eb66a,shapenet,03642806,62.9016136486541,85.98036697899423,74.44099031382416,0.00010711482653672608,0.0002887317672587666,2.567491537774913e-05,0.0001831354311434552
results_official_low_ft19_alpha_a850,results_official_low_ft19_alpha_a850,shapenet/03642806/e466c2c86a439c1faebff3b001eb4a27,shapenet,03642806,37.23750894989597,66.3740993488753,51.80580414938564,0.00011485762857745918,0.00018300361673944234,2.75346428679768e-05,8.188522042473778e-05
results_official_low_ft19_alpha_a850,results_official_low_ft19_alpha_a850,shapenet/03642806/e55ececde88255b93e73f3893a7337bb,shapenet,03642806,40.5933463801323,66.48264368861263,53.537995034372464,0.00015449659205308124,0.0002600661418191919,4.7256227844627574e-05,0.00014099031977821141
results_official_low_ft19_alpha_a850,results_official_low_ft19_alpha_a850,shapenet/03642806/e6329b09d7920f006f729e50d852de2e,shapenet,03642806,51.33707898770592,72.53678886377841,61.93693392574217,0.00013291638208573595,0.00027313687571725565,4.8041390982689336e-05,0.00017492998449597508
results_official_low_ft19_alpha_a850,results_official_low_ft19_alpha_a850,shapenet/03642806/e9bb4175bc73a2eeb60886b233d6cbd8,shapenet,03642806,59.36107994586259,81.3879968264677,70.37453838616514,0.00010861234398759631,0.00026726188551001766,3.216425102436915e-05,0.00017281455802731216
results_official_low_ft19_alpha_a850,results_official_low_ft19_alpha_a850,shapenet/03642806/ec3223edbdef2db93334fb6668ccd834,shapenet,03642806,69.22074872494758,86.18940168151083,77.7050752032292,9.469607051490938e-05,0.00030766203397437306,3.0386710932361893e-05,0.00022002457990311086
results_official_low_ft19_alpha_a850,results_official_low_ft19_alpha_a850,shapenet/03642806/f28fe2f836cb0dfaa8f4918d18e28074,shapenet,03642806,50.321638405981915,73.61911868378454,61.970378544883225,0.0001479186588831879,0.0002977526917896568,4.5976241381140426e-05,0.00017427864077035338
results_official_low_ft19_alpha_a850,results_official_low_ft19_alpha_a850,shapenet/03642806/fae8d4929159d0df7d14ad32b7473fd2,shapenet,03642806,56.59282800734968,80.0488342195433,68.32083111344649,0.00015202223936809777,0.00035022378189907905,4.769779116031714e-05,0.00023907270224299282
results_official_low_ft19_alpha_a850,results_official_low_ft19_alpha_a850,shapenet/03642806/fd2f7a1c6eb7a0d4803dd502eefd8dc3,shapenet,03642806,46.609675662687685,69.9971077260366,58.30339169436215,0.00012778172610316548,0.00023933498754541947,3.7821457226527855e-05,0.0001260593708138913
results_official_low_ft19_alpha_a850,results_official_low_ft19_alpha_a850,shapenet/04074963/1aa78ce410bdbcd92530f02db7e9157e,shapenet,04074963,60.590771932287254,82.35645498449375,71.4736134583905,0.00010359818690823641,0.00026287799073413596,2.823330942192115e-05,0.00016002061602193862
results_official_low_ft19_alpha_a850,results_official_low_ft19_alpha_a850,shapenet/04074963/2053bdd83749adcc1e5c09d9fe5c0c76,shapenet,04074963,38.98354437224525,45.302669539772076,42.143106956008666,0.00025277293769574853,0.00041427010975178454,0.0001932448794832453,0.0003532985574565828
results_official_low_ft19_alpha_a850,results_official_low_ft19_alpha_a850,shapenet/04074963/226078581cd4efd755c5278938766a05,shapenet,04074963,55.480090371773436,77.36323518943072,66.42166278060208,7.073284505681826e-05,0.00015887912991622996,2.165603837056551e-05,9.566755034029484e-05
results_official_low_ft19_alpha_a850,results_official_low_ft19_alpha_a850,shapenet/04074963/240456647fbca47396d8609ec76a915b,shapenet,04074963,59.95919801365759,76.56473825010607,68.26196813188183,8.595420748602653e-05,0.00021466654817589516,3.5422166547505185e-05,0.00015114901179913431
results_official_low_ft19_alpha_a850,results_official_low_ft19_alpha_a850,shapenet/04074963/25182f6e03375c9e7b6fd5468f603b31,shapenet,04074963,52.570940663549514,77.80764610645605,65.18929338500278,9.989003443496074e-05,0.00021060935180342616,2.5701263439259492e-05,0.00011581134458538145
results_official_low_ft19_alpha_a850,results_official_low_ft19_alpha_a850,shapenet/04074963/28f2a5df4a926c3e140a527375fd6757,shapenet,04074963,54.72512484660869,65.9993585177002,60.36224168215445,0.0002060919048097541,0.0004552014867219724,0.00012169550609542057,0.00035792120615951717
results_official_low_ft19_alpha_a850,results_official_low_ft19_alpha_a850,shapenet/04074963/2c6493d31849c15a75f1efca97bee05a,shapenet,04074963,57.81057843459428,82.68752999478922,70.24905421469174,6.970648162105082e-05,0.0001652226530600467,1.6157791833393276e-05,9.333036723546684e-05
results_official_low_ft19_alpha_a850,results_official_low_ft19_alpha_a850,shapenet/04074963/3039044a24972ae37bdb91f66fe1a363,shapenet,04074963,70.03439547415442,85.32348052480152,77.67893799947797,9.974419389594406e-05,0.00033286227818268735,3.7239136872813106e-05,0.00025373275275342166
results_official_low_ft19_alpha_a850,results_official_low_ft19_alpha_a850,shapenet/04074963/33a7613166c65aa0c7c51d4ea74651a7,shapenet,04074963,32.6579452322789,48.465824967827466,40.56188510005318,0.00013574597993031224,0.00020157683099889464,6.195624882820994e-05,0.00012022361624985933
results_official_low_ft19_alpha_a850,results_official_low_ft19_alpha_a850,shapenet/04074963/33f2d5cb9df739a0cf01bc59d215f0,shapenet,04074963,46.705054804352464,57.64567266519417,52.17536373477331,0.00018285004404320357,0.0003430907816340835,0.00010943550296360627,0.0002583809255156666
results_official_low_ft19_alpha_a850,results_official_low_ft19_alpha_a850,shapenet/04074963/404b2de4bc8bef211eba86b475bafe7,shapenet,04074963,40.71801187143967,53.83723029493866,47.27762108318916,0.00010712342435182162,0.00018070147060437856,5.7041273976210505e-05,0.00012356553634162992
results_official_low_ft19_alpha_a850,results_official_low_ft19_alpha_a850,shapenet/04074963/436c74caa92dcf123c81d9b042c20aa4,shapenet,04074963,74.12735700596794,90.74873488838352,82.43804594717574,8.052660151071595e-05,0.00031124227056853317,2.1495048713404685e-05,0.00023234712716657668
results_official_low_ft19_alpha_a850,results_official_low_ft19_alpha_a850,shapenet/04074963/48d98af2e73604103c207eb23f7d33b0,shapenet,04074963,40.8786634467154,54.5059933886918,47.6923284177036,0.00011739220052915439,0.00019856147944719027,5.996498657623306e-05,0.00013180854148231447
results_official_low_ft19_alpha_a850,results_official_low_ft19_alpha_a850,shapenet/04074963/49c6003c2248bdd1906ed109a4ea50d6,shapenet,04074963,49.921284602334445,78.97203775786006,64.44666118009725,0.00011231877601900747,0.000224284459230045,2.3824879463063553e-05,0.00011330094275763258
results_official_low_ft19_alpha_a850,results_official_low_ft19_alpha_a850,shapenet/04074963/4c78551ab00fb1873fbe480a485feffd,shapenet,04074963,74.62310485797026,90.8130978390768,82.71810134852353,8.10888996702299e-05,0.00031953830134218733,2.2132639060146175e-05,0.0002409151493338868
results_official_low_ft19_alpha_a850,results_official_low_ft19_alpha_a850,shapenet/04074963/4df6e942001af26f16a077c4c0fc1181,shapenet,04074963,57.473374573543445,76.29212444579935,66.8827495096714,8.966106374548076e-05,0.00021083512469273203,3.286381615907885e-05,0.00013861982733942568
results_official_low_ft19_alpha_a850,results_official_low_ft19_alpha_a850,shapenet/04074963/4e73215ae0f33d23a5e3ac6ff4952f3,shapenet,04074963,52.71989872972518,77.90623950979594,65.31306911976056,0.00013546154095359114,0.00028650856769369125,4.045570676680654e-05,0.00018310919404029846
results_official_low_ft19_alpha_a850,results_official_low_ft19_alpha_a850,shapenet/04074963/4fae99783aa8706c548eb4d45dc63633,shapenet,04074963,52.09038133930755,77.98979142638967,65.04008638284861,6.313225856917348e-05,0.00013177366118543224,1.569753476360347e-05,7.131933671189472e-05
results_official_low_ft19_alpha_a850,results_official_low_ft19_alpha_a850,shapenet/04074963/55858ff5b407677f35a527bc320873ed,shapenet,04074963,53.07153463438864,64.34540667794523,58.70847065616694,0.00018443566230635136,0.0003930144761168851,0.00011028331937268376,0.0003093102714046836
results_official_low_ft19_alpha_a850,results_official_low_ft19_alpha_a850,shapenet/04074963/57759e351ec76d86d3c1501c166e6b2a,shapenet,04074963,49.566854503999245,71.0066888621192,60.28677168305923,0.00012105257546757559,0.00024002582880176452,4.201444608042948e-05,0.00014491082401946187
results_official_low_ft19_alpha_a850,results_official_low_ft19_alpha_a850,shapenet/04074963/58156300ed442f981047874d2f3335a,shapenet,04074963,57.1814111515162,75.15700746797181,66.169209309744,8.598298053970061e-05,0.00020080759981127975,3.399097840883769e-05,0.00013682320422958583
results_official_low_ft19_alpha_a850,results_official_low_ft19_alpha_a850,shapenet/04074963/5938818cc2f2cfbe9cb9203a133c0554,shapenet,04074963,51.65595549590023,74.61075214641221,63.13335382115622,0.00010752547920407167,0.0002224172187226765,3.52716124325525e-05,0.0001389234239468351
results_official_low_ft19_alpha_a850,results_official_low_ft19_alpha_a850,shapenet/04074963/6411d7e5e038534c13b3690b5eeccc36,shapenet,04074963,56.24438661239191,70.7180474942277,63.481217053309805,0.00014132589385059216,0.0003229891730660018,7.06767532392405e-05,0.00024136625870596617
results_official_low_ft19_alpha_a850,results_official_low_ft19_alpha_a850,shapenet/04074963/647b7f4f47b3fea54dc062c02826dec,shapenet,04074963,71.31079715649045,89.71897478023281,80.51488596836163,7.477529720523375e-05,0.00026063915966264076,1.9467510355752893e-05,0.0001893537846626714
results_official_low_ft19_alpha_a850,results_official_low_ft19_alpha_a850,shapenet/04074963/6f6ed9e0d29b64e714be24585075d395,shapenet,04074963,61.50640911821388,73.70324852033703,67.60482881927545,0.00015010015121793245,0.0003899354354310313,8.024541602935642e-05,0.00030515334219671786
results_official_low_ft19_alpha_a850,results_official_low_ft19_alpha_a850,shapenet/04074963/7852a457e59fd546d26c2593d1870bdb,shapenet,04074963,41.996413343739306,54.12104391092141,48.05872862733035,0.00018304442877268426,0.00031557432794188616,0.00010385550558567047,0.00022636850189883262
results_official_low_ft19_alpha_a850,results_official_low_ft19_alpha_a850,shapenet/04074963/7af8b6f6f78d0eddea30b1080420ecf9,shapenet,04074963,54.08277013443339,76.49305980766604,65.28791497104972,0.00010676996499236086,0.00023252701721108792,3.201133949914947e-05,0.00013617824879474938
results_official_low_ft19_alpha_a850,results_official_low_ft19_alpha_a850,shapenet/04074963/80701d854496d6fe67a964feaf6ebeb,shapenet,04074963,58.73968378019423,74.70418942160994,66.72193660090208,0.00012408077785774213,0.00030072667692784404,5.4120206186780706e-05,0.00021394928626250476
results_official_low_ft19_alpha_a850,results_official_low_ft19_alpha_a850,shapenet/04074963/81cbe7a64eb030c6c221cf4c35c835e,shapenet,04074963,58.62123210838433,78.86114516138545,68.74118863488489,0.00014885131546636408,0.0003597287281638102,5.424426490208134e-05,0.00025660928804427385
results_official_low_ft19_alpha_a850,results_official_low_ft19_alpha_a850,shapenet/04074963/86982fe32e06c96b11eba86b475bafe7,shapenet,04074963,37.250895317182454,50.38259103671135,43.8167431769469,8.785331260820054e-05,0.00014000727668112407,4.651209383155219e-05,9.374148066854104e-05
results_official_low_ft19_alpha_a850,results_official_low_ft19_alpha_a850,shapenet/04074963/8f14d5b24d2b798b16a077c4c0fc1181,shapenet,04074963,71.97323741241746,89.33980240170622,80.65651990706183,8.750347625300985e-05,0.0003122139989574783,2.4587101506767794e-05,0.0002306439564563334
results_official_low_ft19_alpha_a850,results_official_low_ft19_alpha_a850,shapenet/04074963/9716c839bba80514906ed109a4ea50d6,shapenet,04074963,43.61288413448289,71.44946505143035,57.53117459295662,0.00011109532689902516,0.00019702253820533535,2.6443198294145986e-05,9.261892409995198e-05
results_official_low_ft19_alpha_a850,results_official_low_ft19_alpha_a850,shapenet/04074963/9d5f59e259057baa910a53622567655f,shapenet,04074963,65.7187188462009,77.73316081715086,71.72593983167587,7.561772852839846e-05,0.0002205802291610633,3.909599399776198e-05,0.00017557945102453232
results_official_low_ft19_alpha_a850,results_official_low_ft19_alpha_a850,shapenet/04074963/9fcf820f1362798e1c990bbe4403b3a1,shapenet,04074963,75.51781304240174,88.05667164918832,81.78724234579502,8.731852217997856e-05,0.00035666144667226507,3.4302560379728675e-05,0.0002872110635507852
results_official_low_ft19_alpha_a850,results_official_low_ft19_alpha_a850,shapenet/04074963/a27dc622395c3648db8fa1712f9ee93,shapenet,04074963,69.79377853056641,87.57919402518726,78.68648627787684,7.20431237667541e-05,0.0002385042559515638,2.2016734874341637e-05,0.00017725689394865185
results_official_low_ft19_alpha_a850,results_official_low_ft19_alpha_a850,shapenet/04074963/a67e5a678c54d757db8fa1712f9ee93,shapenet,04074963,54.66540049831086,69.04525862558822,61.85532956194954,9.520848766417174e-05,0.00021001285709080619,4.756331327371299e-05,0.00015365437138825655
results_official_low_ft19_alpha_a850,results_official_low_ft19_alpha_a850,shapenet/04074963/a6a121234c2077d6dcd16fe97fafc2c6,shapenet,04074963,57.5127432104088,75.25724267196769,66.38499294118824,9.550764225503411e-05,0.00022479126559762311,3.827883847407065e-05,0.00015470724611077458
results_official_low_ft19_alpha_a850,results_official_low_ft19_alpha_a850,shapenet/04074963/b1a97d944c1b3fa2357f57aad9e1b3cc,shapenet,04074963,52.653973628172345,73.23751172595576,62.94574267706405,6.526193169358143e-05,0.0001378403568254131,2.319668601558078e-05,8.667611837154254e-05
results_official_low_ft19_alpha_a850,results_official_low_ft19_alpha_a850,shapenet/04074963/b2c79f7add7cb56ac03df0bb156692e3,shapenet,04074963,75.07600509486822,87.87213685422071,81.47407097454447,0.00010155507264100804,0.00040745904911133706,3.959414971177466e-05,0.00032647259649820626
results_official_low_ft19_alpha_a850,results_official_low_ft19_alpha_a850,shapenet/04074963/b9714784de07ad31cae0e78ad4bea7bf,shapenet,04074963,46.51169464203184,61.909913734356415,54.21080418819413,0.00017489267613514698,0.0003269736720292134,9.040607255883515e-05,0.00023734803835395724
results_official_low_ft19_alpha_a850,results_official_low_ft19_alpha_a850,shapenet/04074963/c21ec53c8531344b8ef01232dadbdf7f,shapenet,04074963,38.91119856332058,61.05030551635047,49.98075203983552,9.387767942696553e-05,0.00015367412229272967,3.1004496122477576e-05,7.960138464113697e-05
results_official_low_ft19_alpha_a850,results_official_low_ft19_alpha_a850,shapenet/04074963/c72ecbad07876e71ab0467582043bd43,shapenet,04074963,41.648815397126015,67.61977888016621,54.63429713864611,5.053572855297411e-05,8.66061741452376e-05,1.42802091431804e-05,4.4101641833549365e-05
results_official_low_ft19_alpha_a850,results_official_low_ft19_alpha_a850,shapenet/04074963/cc5571508716b1e5808951ff5fb582ac,shapenet,04074963,58.16615725655443,78.84912199395698,68.5076396252557,7.76083339761814e-05,0.00018551567077432994,2.530986057536211e-05,0.00011966340389335528
results_official_low_ft19_alpha_a850,results_official_low_ft19_alpha_a850,shapenet/04074963/cc846e66cbfe697bffb5024c146ec04e,shapenet,04074963,46.74125083162208,68.9344049849986,57.83782790831034,6.433814070521753e-05,0.00012080295108285783,2.165409387089312e-05,6.970442336751148e-05
results_official_low_ft19_alpha_a850,results_official_low_ft19_alpha_a850,shapenet/04074963/cd0c46f23b28b94ce56eff8fe87c1176,shapenet,04074963,74.61677024383056,86.84535789988819,80.73106407185938,9.002865641793867e-05,0.0003546777036758178,3.772356649278663e-05,0.0002867699950002134
results_official_low_ft19_alpha_a850,results_official_low_ft19_alpha_a850,shapenet/04074963/d9ca2dcaf1d9d850dc605801df3f66ec,shapenet,04074963,61.44436760813482,80.24972751696858,70.8470475625517,0.0001312982392990584,0.0003405423051153504,4.652547795558348e-05,0.00023556879023090005
results_official_low_ft19_alpha_a850,results_official_low_ft19_alpha_a850,shapenet/04074963/dd110b09266edec5fdcb551a4a7a3f9f,shapenet,04074963,51.624181309632114,75.6956550682423,63.65991818893721,0.00010204777241667806,0.0002109478974812612,2.9167596949264407e-05,0.00012000980495940894
results_official_low_ft19_alpha_a850,results_official_low_ft19_alpha_a850,shapenet/04074963/e08c8823d837fceeb2b53d011d5b25b,shapenet,04074963,61.59462859903986,77.62895740842526,69.61179300373256,0.0001905713832930549,0.0004962102339890158,8.060886466410011e-05,0.00036032681236974895
results_official_low_ft19_alpha_a850,results_official_low_ft19_alpha_a850,shapenet/04074963/e739278e9039922dff7f69173a1ae6d4,shapenet,04074963,50.522325567331436,67.22418569469176,58.873255631011595,0.000160561080253671,0.00032451218068498694,7.205847214208916e-05,0.00021985257626511157
results_official_low_ft19_alpha_a850,results_official_low_ft19_alpha_a850,shapenet/04074963/f3366e751820f0f77e1c85c5c15da7fb,shapenet,04074963,51.77927224493932,77.36890172498327,64.5740869849613,7.860618831669505e-05,0.00016301327660581702,1.993204205064103e-05,8.80736843100749e-05
results_official_low_ft19_alpha_a850,results_official_low_ft19_alpha_a850,shapenet/04074963/f677657b2cd55f930d48ff455dd1223,shapenet,04074963,63.02703516804795,76.37789395945407,69.70246456375101,0.00013213474256820984,0.0003573820578597986,6.458647840190679e-05,0.00027341541135683656
results_official_low_ft19_alpha_a1000,results_official_low_ft19_alpha_a1000,shapenet/03642806/13f5cbc78856f977927930e64238782e,shapenet,03642806,54.06318211258966,82.21778139977431,68.14048175618198,0.00012581342177550765,0.0002738836244249053,2.6032144887722097e-05,0.0001463942462578416
results_official_low_ft19_alpha_a1000,results_official_low_ft19_alpha_a1000,shapenet/03642806/1a46d6683450f2dd46c0b76a60ee4644,shapenet,03642806,62.691855984073406,90.54903418229588,76.62044508318465,0.00012168556891183725,0.00032616355522775546,2.0988480173400603e-05,0.00022207762231118977
results_official_low_ft19_alpha_a1000,results_official_low_ft19_alpha_a1000,shapenet/03642806/1bb2e873cfbef364cef0dab711014aa8,shapenet,03642806,57.95515010979617,80.52694673508618,69.24104842244118,0.0001282540637156855,0.0003050410788731769,4.057443584315479e-05,0.00020836196199525148
results_official_low_ft19_alpha_a1000,results_official_low_ft19_alpha_a1000,shapenet/03642806/2134ad3fc25a6284193a4c984002ed32,shapenet,03642806,57.58960239712064,85.56370792164996,71.5766551593853,7.946623429902665e-05,0.00018737441474406613,1.4050049685465638e-05,9.732450416777283e-05
results_official_low_ft19_alpha_a1000,results_official_low_ft19_alpha_a1000,shapenet/03642806/283a115028fffe6e4e67e2e8459ebde,shapenet,03642806,48.05136660403583,61.96887579423701,55.01012119913642,0.00019782755072290134,0.00038081377274165276,0.00010077494516735896,0.0002649801899679005
results_official_low_ft19_alpha_a1000,results_official_low_ft19_alpha_a1000,shapenet/03642806/28fbfd8b8c9c6f16e1e44e2fc05361d9,shapenet,03642806,27.21707256820114,67.94756082882633,47.582316698513736,0.00014225333633595822,0.0001954487698633124,2.1255287720123306e-05,6.631410360569134e-05
results_official_low_ft19_alpha_a1000,results_official_low_ft19_alpha_a1000,shapenet/03642806/2d38fa685e71721986a7e0484f5238e4,shapenet,03642806,48.137084426767615,70.81288588111387,59.47498515394074,0.00012941225939365795,0.00024952754383991964,4.400485340738669e-05,0.00015076808631420135
results_official_low_ft19_alpha_a1000,results_official_low_ft19_alpha_a1000,shapenet/03642806/2d47af483371ff60672faaae04fc887,shapenet,03642806,51.14700600230704,77.79852707108,64.47276653669351,0.00010770886292353254,0.00022047545935182395,2.708139618334826e-05,0.0001219801779370755
results_official_low_ft19_alpha_a1000,results_official_low_ft19_alpha_a1000,shapenet/03642806/2f9cc3e20647ebb1cb8118818e564f96,shapenet,03642806,37.492670991301566,65.7483413139111,51.62050615260633,0.0001174068952734016,0.00018782900683064448,2.8760021450580098e-05,8.396679913857952e-05
results_official_low_ft19_alpha_a1000,results_official_low_ft19_alpha_a1000,shapenet/03642806/454a88f4b2fe4472f9cacf0b2853f40,shapenet,03642806,54.54669163030117,79.92775741758771,67.23722452394443,0.00010361300908003113,0.00022795482396415422,2.5132794689852744e-05,0.00012521169264800847
results_official_low_ft19_alpha_a1000,results_official_low_ft19_alpha_a1000,shapenet/03642806/4e8737495201fa3f71f82dc8af2fe0e0,shapenet,03642806,34.32232564976489,63.43745355219017,48.879889600977535,0.00012852892332431106,0.00019569652031055964,3.173365621478297e-05,8.679279562784359e-05
results_official_low_ft19_alpha_a1000,results_official_low_ft19_alpha_a1000,shapenet/03642806/5363c4a882e17c9088557758112e80be,shapenet,03642806,38.372623551308834,60.128929291047385,49.25077642117811,0.00010760869923302126,0.00017461184530970998,3.4505083021940663e-05,8.654165139887482e-05
results_official_low_ft19_alpha_a1000,results_official_low_ft19_alpha_a1000,shapenet/03642806/593d32126cea601d5a952e55d06611ce,shapenet,03642806,61.24297315456382,86.27771171799633,73.76034243628007,0.00012755905186545693,0.0003291249671296125,3.201985964551568e-05,0.0002333419834030792
results_official_low_ft19_alpha_a1000,results_official_low_ft19_alpha_a1000,shapenet/03642806/5d544ee4b094c6606436916a86a90ed7,shapenet,03642806,45.79693311860468,70.0037978358546,57.90036547722964,0.00013868947511142308,0.0002558701621347313,4.603699562721886e-05,0.0001534760813228786
results_official_low_ft19_alpha_a1000,results_official_low_ft19_alpha_a1000,shapenet/03642806/606f4b61d81085d1adbb6cf5d72fbe37,shapenet,03642806,40.85633618543346,65.73356127690143,53.294948731167445,9.949317941804805e-05,0.0001682228881355568,2.8668093364103697e-05,8.366230758838356e-05
results_official_low_ft19_alpha_a1000,results_official_low_ft19_alpha_a1000,shapenet/03642806/62b25a5e3119b8409023147b38c03c9f,shapenet,03642806,43.30365967345546,67.09334390246941,55.19850178796244,0.0001376416632721835,0.00024276992567673954,4.266098403604701e-05,0.00012964241614099592
results_official_low_ft19_alpha_a1000,results_official_low_ft19_alpha_a1000,shapenet/03642806/645a52293092eceea37e4476f3cf2752,shapenet,03642806,55.73585207886376,77.63975313739692,66.68780260813034,0.00013593726361765373,0.0003071046659699583,4.272632213542238e-05,0.00019108162086922675
results_official_low_ft19_alpha_a1000,results_official_low_ft19_alpha_a1000,shapenet/03642806/679bb4a724b1e2bc3339d8259ddfa7bb,shapenet,03642806,34.47727040460832,57.82030285437587,46.14878662949209,0.00012439248143061786,0.00018984630554732962,3.6316461773822084e-05,8.60993895912543e-05
results_official_low_ft19_alpha_a1000,results_official_low_ft19_alpha_a1000,shapenet/03642806/69850d70fcaf5a464161e123a102b12b,shapenet,03642806,44.48356770472003,68.6744191878542,56.578993446287114,0.00011020273630456441,0.00019850471607833108,3.253749309806153e-05,0.00010386876238044351
results_official_low_ft19_alpha_a1000,results_official_low_ft19_alpha_a1000,shapenet/03642806/6ae14173f5bface824a85bcf396c330,shapenet,03642806,65.11282900023411,77.78191464475192,71.44737182249301,0.00012216346543216316,0.000350167301994716,6.302310066530481e-05,0.0002836567582562566
results_official_low_ft19_alpha_a1000,results_official_low_ft19_alpha_a1000,shapenet/03642806/6b61ef17b4f45050b598e8984f11eb0c,shapenet,03642806,59.5641949050441,80.73129045854171,70.1477426817929,9.892923752321701e-05,0.00024465751897581925,2.9305050702532753e-05,0.00015208621334750205
results_official_low_ft19_alpha_a1000,results_official_low_ft19_alpha_a1000,shapenet/03642806/71907a4a567dce3bb0de1e7a6809fd90,shapenet,03642806,53.832016047016836,76.5120090320255,65.17201253952118,0.00011219590393507162,0.0002430166845693985,3.201180516043678e-05,0.0001362900948151946
results_official_low_ft19_alpha_a1000,results_official_low_ft19_alpha_a1000,shapenet/03642806/760b1f82f7133ca1de7d2830be38218d,shapenet,03642806,52.0532575035443,70.18865113613167,61.120954319837985,0.00017619946040307155,0.0003674899507846576,7.629208266735077e-05,0.00025591623852960765
results_official_low_ft19_alpha_a1000,results_official_low_ft19_alpha_a1000,shapenet/03642806/8489cb783d249651b674654e7bbe623d,shapenet,03642806,41.09319312984656,68.11461783715022,54.603905483498394,0.00010576758907183007,0.0001795507084690068,2.7861036869580857e-05,8.737871394259855e-05
results_official_low_ft19_alpha_a1000,results_official_low_ft19_alpha_a1000,shapenet/03642806/8ac9eb2b975c0d12b5328fde615e4a0c,shapenet,03642806,54.07377249598599,77.41765610564354,65.74571430081477,0.00013592258036360702,0.00029595851379634263,4.517632623901591e-05,0.0002000515378313139
results_official_low_ft19_alpha_a1000,results_official_low_ft19_alpha_a1000,shapenet/03642806/90c01fd78513bb99c9b20aa1b8066c46,shapenet,03642806,46.756257616870634,77.52602273166117,62.1411401742659,0.00012153509876034624,0.00022826175118534762,3.1502830097451806e-05,0.00014017469948157668
results_official_low_ft19_alpha_a1000,results_official_low_ft19_alpha_a1000,shapenet/03642806/928c86eabc0be624c2bf2dcc31ba1713,shapenet,03642806,39.64240072303718,60.78011822422105,50.21125947362911,0.00014589898734952144,0.00024172430497116856,4.8197503929259256e-05,0.0001228904875461012
results_official_low_ft19_alpha_a1000,results_official_low_ft19_alpha_a1000,shapenet/03642806/93958423b98be8b538ff1b6d120c56aa,shapenet,03642806,49.89427771589515,66.27946019392338,58.086868954909264,0.00014109515249029344,0.00028159488788579616,6.004270471748896e-05,0.00017805973766371608
results_official_low_ft19_alpha_a1000,results_official_low_ft19_alpha_a1000,shapenet/03642806/950d3ea26d07b7dafdc319d8ace3a11,shapenet,03642806,54.58576635765987,77.45585031209409,66.02080833487697,0.00014179820207280266,0.0003122329514344217,4.5211931137600914e-05,0.00020054839842487127
results_official_low_ft19_alpha_a1000,results_official_low_ft19_alpha_a1000,shapenet/03642806/9d48ab8c41174e60888cad7f6c0e6001,shapenet,03642806,55.49989753848421,77.9419919237106,66.7209447310974,0.00012118437912965916,0.00027232382045515703,3.8066271372372285e-05,0.0001725734764477238
results_official_low_ft19_alpha_a1000,results_official_low_ft19_alpha_a1000,shapenet/03642806/9ddc0f876f54a784f3655a2ce983ab1f,shapenet,03642806,49.08743074590721,75.55256976655869,62.32000025623295,0.00010425180042636853,0.00020476633168142045,2.840835259121377e-05,0.00011620179429883137
results_official_low_ft19_alpha_a1000,results_official_low_ft19_alpha_a1000,shapenet/03642806/9e901676eeb65f352b1c9d869bc37167,shapenet,03642806,63.66293287986902,83.97736015808354,73.82014651897629,0.00012232293235560712,0.00033663402704242845,3.7768491893075407e-05,0.0002357195335207507
results_official_low_ft19_alpha_a1000,results_official_low_ft19_alpha_a1000,shapenet/03642806/a874a1d28852062ec2743f037f439af3,shapenet,03642806,41.80603401885858,66.96540900045434,54.38572150965646,0.00014088293076543488,0.00024209199079349567,4.177152004558593e-05,0.00012644781963899732
results_official_low_ft19_alpha_a1000,results_official_low_ft19_alpha_a1000,shapenet/03642806/b210db4bca21536ed6daca3908cc94ab,shapenet,03642806,45.41804094051714,70.20803126908586,57.8130361048015,0.0001312077194889133,0.00024038660713134985,4.131953392061405e-05,0.00013869353279005736
results_official_low_ft19_alpha_a1000,results_official_low_ft19_alpha_a1000,shapenet/03642806/b806daf849a5dba289c212008d2a390e,shapenet,03642806,52.3173517365911,74.40746530267552,63.362408519633306,0.00014023642764046668,0.0002941036891780242,4.8275898734573275e-05,0.0001886327372631058
results_official_low_ft19_alpha_a1000,results_official_low_ft19_alpha_a1000,shapenet/03642806/b95ca4fa91a57394e4b68d3b17c43658,shapenet,03642806,60.57084948965104,84.26605219102065,72.41845084033585,0.00012687195158112024,0.0003217719629739935,3.410339922993444e-05,0.00021675042808055878
results_official_low_ft19_alpha_a1000,results_official_low_ft19_alpha_a1000,shapenet/03642806/bd879abd9b5c15d75d66db82418edc83,shapenet,03642806,43.28679130871412,78.63945041552797,60.963120862121045,8.598136878136821e-05,0.00015160730765455607,1.3982230484543834e-05,6.545819633174688e-05
results_official_low_ft19_alpha_a1000,results_official_low_ft19_alpha_a1000,shapenet/03642806/c8309234b360aa2c747803756378b292,shapenet,03642806,42.28643167619431,70.5717537268374,56.429092701515856,0.00017659741391233,0.000305989421623558,5.822937600896694e-05,0.00019786899792961776
results_official_low_ft19_alpha_a1000,results_official_low_ft19_alpha_a1000,shapenet/03642806/cb1e3a990782678b4b6682da890df381,shapenet,03642806,43.85648246301456,64.99268086700387,54.424581665009214,0.000127163311346635,0.0002264968725247116,4.498700945987366e-05,0.00012850743951275945
results_official_low_ft19_alpha_a1000,results_official_low_ft19_alpha_a1000,shapenet/03642806/d7e7e6651a23afc68ba4e518219eb66a,shapenet,03642806,59.067666899705415,83.08116085448269,71.07441387709406,0.00011818464874072563,0.0002887317672587666,3.098438901361078e-05,0.0001831354311434552
results_official_low_ft19_alpha_a1000,results_official_low_ft19_alpha_a1000,shapenet/03642806/e466c2c86a439c1faebff3b001eb4a27,shapenet,03642806,36.43596672898338,66.74708391581859,51.59152532240098,0.00011632447983142287,0.00018300361673944234,2.722922363318503e-05,8.188522042473778e-05
results_official_low_ft19_alpha_a1000,results_official_low_ft19_alpha_a1000,shapenet/03642806/e55ececde88255b93e73f3893a7337bb,shapenet,03642806,40.44523081766971,67.49145738767344,53.96834410267157,0.0001548817904818115,0.0002600661418191919,4.583389818435535e-05,0.00014099031977821141
results_official_low_ft19_alpha_a1000,results_official_low_ft19_alpha_a1000,shapenet/03642806/e6329b09d7920f006f729e50d852de2e,shapenet,03642806,49.07307852075669,71.85026874003263,60.46167363039466,0.0001391002022273852,0.00027313687571725565,4.9242320528719574e-05,0.00017492998449597508
results_official_low_ft19_alpha_a1000,results_official_low_ft19_alpha_a1000,shapenet/03642806/e9bb4175bc73a2eeb60886b233d6cbd8,shapenet,03642806,55.43352433828189,78.48116611986501,66.95734522907345,0.00011910920315887094,0.00026726188551001766,3.718767766258679e-05,0.00017281455802731216
results_official_low_ft19_alpha_a1000,results_official_low_ft19_alpha_a1000,shapenet/03642806/ec3223edbdef2db93334fb6668ccd834,shapenet,03642806,65.62665474182327,83.59426577056284,74.61046025619305,0.00010575373316634022,0.00030766203397437306,3.609664781833999e-05,0.00022002457990311086
results_official_low_ft19_alpha_a1000,results_official_low_ft19_alpha_a1000,shapenet/03642806/f28fe2f836cb0dfaa8f4918d18e28074,shapenet,03642806,52.297034350545715,76.58319484496803,64.44011459775687,0.00014203686428474548,0.0002977526917896568,4.081048973603174e-05,0.00017427864077035338
results_official_low_ft19_alpha_a1000,results_official_low_ft19_alpha_a1000,shapenet/03642806/fae8d4929159d0df7d14ad32b7473fd2,shapenet,03642806,51.543960984601924,76.91708679391643,64.23052388925917,0.0001697045723982204,0.00035022378189907905,5.518494435818866e-05,0.00023907270224299282
results_official_low_ft19_alpha_a1000,results_official_low_ft19_alpha_a1000,shapenet/03642806/fd2f7a1c6eb7a0d4803dd502eefd8dc3,shapenet,03642806,48.814586210036246,72.83980727100705,60.82719674052164,0.00012250460371928117,0.00023933498754541947,3.423796806600876e-05,0.0001260593708138913
results_official_low_ft19_alpha_a1000,results_official_low_ft19_alpha_a1000,shapenet/04074963/1aa78ce410bdbcd92530f02db7e9157e,shapenet,04074963,64.34255725275345,86.88979744797747,75.61617735036546,9.373556904113662e-05,0.00026287799073413596,2.0979026885470375e-05,0.00016002061602193862
results_official_low_ft19_alpha_a1000,results_official_low_ft19_alpha_a1000,shapenet/04074963/2053bdd83749adcc1e5c09d9fe5c0c76,shapenet,04074963,43.7437600195127,50.79758248576559,47.27067125263915,0.00023305278710939202,0.00041427010975178454,0.0001738314313115552,0.0003532985574565828
results_official_low_ft19_alpha_a1000,results_official_low_ft19_alpha_a1000,shapenet/04074963/226078581cd4efd755c5278938766a05,shapenet,04074963,59.00987719819355,81.72708102127338,70.36847910973347,6.512475045910426e-05,0.00015887912991622996,1.7481253962614574e-05,9.566755034029484e-05
results_official_low_ft19_alpha_a1000,results_official_low_ft19_alpha_a1000,shapenet/04074963/240456647fbca47396d8609ec76a915b,shapenet,04074963,65.14063962577384,82.34974844710361,73.74519403643873,7.48313856315471e-05,0.00021466654817589516,2.667818080226425e-05,0.00015114901179913431
results_official_low_ft19_alpha_a1000,results_official_low_ft19_alpha_a1000,shapenet/04074963/25182f6e03375c9e7b6fd5468f603b31,shapenet,04074963,54.857501231701754,81.50638720009248,68.18194421589712,9.507432404378258e-05,0.00021060935180342616,2.141770164598711e-05,0.00011581134458538145
results_official_low_ft19_alpha_a1000,results_official_low_ft19_alpha_a1000,shapenet/04074963/28f2a5df4a926c3e140a527375fd6757,shapenet,04074963,60.43008620372646,72.47150144343681,66.45079382358163,0.00018012283589524002,0.0004552014867219724,9.853033407125622e-05,0.00035792120615951717
results_official_low_ft19_alpha_a1000,results_official_low_ft19_alpha_a1000,shapenet/04074963/2c6493d31849c15a75f1efca97bee05a,shapenet,04074963,60.36980836627528,86.13925978395332,73.2545340751143,6.547805403002066e-05,0.0001652226530600467,1.2936279745190404e-05,9.333036723546684e-05
results_official_low_ft19_alpha_a1000,results_official_low_ft19_alpha_a1000,shapenet/04074963/3039044a24972ae37bdb91f66fe1a363,shapenet,04074963,70.35223356220932,86.4992490988096,78.42574133050945,9.868623079511223e-05,0.00033286227818268735,3.4255826903972775e-05,0.00025373275275342166
results_official_low_ft19_alpha_a1000,results_official_low_ft19_alpha_a1000,shapenet/04074963/33a7613166c65aa0c7c51d4ea74651a7,shapenet,04074963,34.765791390505555,51.596498736822326,43.18114506366394,0.000131497050442227,0.00020157683099889464,5.8192439610138535e-05,0.00012022361624985933
results_official_low_ft19_alpha_a1000,results_official_low_ft19_alpha_a1000,shapenet/04074963/33f2d5cb9df739a0cf01bc59d215f0,shapenet,04074963,51.793016303091136,63.5113722263855,57.65219426473831,0.00016539371716793984,0.0003430907816340835,9.427965414943174e-05,0.0002583809255156666
results_official_low_ft19_alpha_a1000,results_official_low_ft19_alpha_a1000,shapenet/04074963/404b2de4bc8bef211eba86b475bafe7,shapenet,04074963,44.922440008996034,59.05390998072275,51.98817499485939,9.9525960876753e-05,0.00018070147060437856,5.0595255743246526e-05,0.00012356553634162992
results_official_low_ft19_alpha_a1000,results_official_low_ft19_alpha_a1000,shapenet/04074963/436c74caa92dcf123c81d9b042c20aa4,shapenet,04074963,72.21530579502283,89.24353797101017,80.7294218830165,8.647771311409458e-05,0.00031124227056853317,2.499233050912153e-05,0.00023234712716657668
results_official_low_ft19_alpha_a1000,results_official_low_ft19_alpha_a1000,shapenet/04074963/48d98af2e73604103c207eb23f7d33b0,shapenet,04074963,44.93529739703601,59.552611148782695,52.24395427290935,0.00010933728814164078,0.00019856147944719027,5.3313113312469795e-05,0.00013180854148231447
results_official_low_ft19_alpha_a1000,results_official_low_ft19_alpha_a1000,shapenet/04074963/49c6003c2248bdd1906ed109a4ea50d6,shapenet,04074963,52.89556876742172,83.17459719111841,68.03508297927007,0.00010564791886337661,0.000224284459230045,1.906334000523202e-05,0.00011330094275763258
results_official_low_ft19_alpha_a1000,results_official_low_ft19_alpha_a1000,shapenet/04074963/4c78551ab00fb1873fbe480a485feffd,shapenet,04074963,71.973035595503,88.92101328719536,80.44702444134919,8.955688597590917e-05,0.00031953830134218733,2.6690957383834757e-05,0.0002409151493338868
results_official_low_ft19_alpha_a1000,results_official_low_ft19_alpha_a1000,shapenet/04074963/4df6e942001af26f16a077c4c0fc1181,shapenet,04074963,62.48988370942027,82.07806636697788,72.28397503819907,7.908450045363257e-05,0.00021083512469273203,2.484335345798172e-05,0.00013861982733942568
results_official_low_ft19_alpha_a1000,results_official_low_ft19_alpha_a1000,shapenet/04074963/4e73215ae0f33d23a5e3ac6ff4952f3,shapenet,04074963,49.81544001334974,77.11322776585357,63.464333889601654,0.00014378306402113293,0.00028650856769369125,4.190778417978436e-05,0.00018310919404029846
results_official_low_ft19_alpha_a1000,results_official_low_ft19_alpha_a1000,shapenet/04074963/4fae99783aa8706c548eb4d45dc63633,shapenet,04074963,54.87283761810604,82.06163146401444,68.46723454106024,5.9465714059716786e-05,0.00013177366118543224,1.2793525456800126e-05,7.131933671189472e-05
results_official_low_ft19_alpha_a1000,results_official_low_ft19_alpha_a1000,shapenet/04074963/55858ff5b407677f35a527bc320873ed,shapenet,04074963,58.39649671810903,70.52028779185196,64.4583922549805,0.00016350779046959494,0.0003930144761168851,9.118377784034237e-05,0.0003093102714046836
results_official_low_ft19_alpha_a1000,results_official_low_ft19_alpha_a1000,shapenet/04074963/57759e351ec76d86d3c1501c166e6b2a,shapenet,04074963,52.77096327994637,75.10328426956048,63.937123774753424,0.00011336188682239844,0.00024002582880176452,3.607803591876291e-05,0.00014491082401946187
results_official_low_ft19_alpha_a1000,results_official_low_ft19_alpha_a1000,shapenet/04074963/58156300ed442f981047874d2f3335a,shapenet,04074963,61.902911224256286,80.6561601328339,71.2795356785451,7.650184956854341e-05,0.00020080759981127975,2.6466861527296714e-05,0.00013682320422958583
results_official_low_ft19_alpha_a1000,results_official_low_ft19_alpha_a1000,shapenet/04074963/5938818cc2f2cfbe9cb9203a133c0554,shapenet,04074963,51.10173993111865,75.97992299993348,63.54083146552607,0.00010875815004898702,0.0002224172187226765,3.3369513403158635e-05,0.0001389234239468351
results_official_low_ft19_alpha_a1000,results_official_low_ft19_alpha_a1000,shapenet/04074963/6411d7e5e038534c13b3690b5eeccc36,shapenet,04074963,58.456994855220756,73.93175126154827,66.19437305838451,0.00013417940878388907,0.0003229891730660018,6.291995669016615e-05,0.00024136625870596617
results_official_low_ft19_alpha_a1000,results_official_low_ft19_alpha_a1000,shapenet/04074963/647b7f4f47b3fea54dc062c02826dec,shapenet,04074963,70.28637485855849,89.34851931938515,79.81744708897182,7.744534287396029e-05,0.00026063915966264076,2.016898179135751e-05,0.0001893537846626714
results_official_low_ft19_alpha_a1000,results_official_low_ft19_alpha_a1000,shapenet/04074963/6f6ed9e0d29b64e714be24585075d395,shapenet,04074963,67.49323193419619,80.19233735009163,73.84278464214391,0.00012675540760194752,0.0003899354354310313,6.044374458724633e-05,0.00030515334219671786
results_official_low_ft19_alpha_a1000,results_official_low_ft19_alpha_a1000,shapenet/04074963/7852a457e59fd546d26c2593d1870bdb,shapenet,04074963,46.65096312212301,59.81249909600361,53.23173110906331,0.0001683558645908293,0.00031557432794188616,9.097184374695644e-05,0.00022636850189883262
results_official_low_ft19_alpha_a1000,results_official_low_ft19_alpha_a1000,shapenet/04074963/7af8b6f6f78d0eddea30b1080420ecf9,shapenet,04074963,57.5994305161492,81.07843735981393,69.33893393798157,9.859277950131305e-05,0.00023252701721108792,2.576705264800694e-05,0.00013617824879474938
results_official_low_ft19_alpha_a1000,results_official_low_ft19_alpha_a1000,shapenet/04074963/80701d854496d6fe67a964feaf6ebeb,shapenet,04074963,63.9407928938928,80.52872259740073,72.23475774564676,0.00010843965525672519,0.00030072667692784404,4.1658659029053524e-05,0.00021394928626250476
results_official_low_ft19_alpha_a1000,results_official_low_ft19_alpha_a1000,shapenet/04074963/81cbe7a64eb030c6c221cf4c35c835e,shapenet,04074963,57.43922445410885,79.4718880897282,68.45555627191852,0.00015310333656788817,0.0003597287281638102,5.2677041821880266e-05,0.00025660928804427385
results_official_low_ft19_alpha_a1000,results_official_low_ft19_alpha_a1000,shapenet/04074963/86982fe32e06c96b11eba86b475bafe7,shapenet,04074963,41.21905773455473,55.44128482657702,48.33017128056588,8.229759647335376e-05,0.00014000727668112407,4.1769999370444566e-05,9.374148066854104e-05
results_official_low_ft19_alpha_a1000,results_official_low_ft19_alpha_a1000,shapenet/04074963/8f14d5b24d2b798b16a077c4c0fc1181,shapenet,04074963,71.26944826710762,89.280250132936,80.2748492000218,8.970080448781039e-05,0.0003122139989574783,2.4724455215618946e-05,0.0002306439564563334
results_official_low_ft19_alpha_a1000,results_official_low_ft19_alpha_a1000,shapenet/04074963/9716c839bba80514906ed109a4ea50d6,shapenet,04074963,45.39043742369161,74.44522339067649,59.91783040718405,0.0001075931462906737,0.00019702253820533535,2.366855915170163e-05,9.261892409995198e-05
results_official_low_ft19_alpha_a1000,results_official_low_ft19_alpha_a1000,shapenet/04074963/9d5f59e259057baa910a53622567655f,shapenet,04074963,68.58057495437552,81.34730867461954,74.96394181449753,6.930503976672697e-05,0.0002205802291610633,3.2750293030403554e-05,0.00017557945102453232
results_official_low_ft19_alpha_a1000,results_official_low_ft19_alpha_a1000,shapenet/04074963/9fcf820f1362798e1c990bbe4403b3a1,shapenet,04074963,75.53877200388682,88.71969307990872,82.12923254189778,8.724376964473838e-05,0.00035666144667226507,3.2398289476986974e-05,0.0002872110635507852
results_official_low_ft19_alpha_a1000,results_official_low_ft19_alpha_a1000,shapenet/04074963/a27dc622395c3648db8fa1712f9ee93,shapenet,04074963,67.90797906718528,86.79265152346674,77.35031529532601,7.654083574562986e-05,0.0002385042559515638,2.341093568247743e-05,0.00017725689394865185
results_official_low_ft19_alpha_a1000,results_official_low_ft19_alpha_a1000,shapenet/04074963/a67e5a678c54d757db8fa1712f9ee93,shapenet,04074963,59.83358918881828,75.01828763350635,67.42593841116232,8.435462693539319e-05,0.00021001285709080619,3.838549309875816e-05,0.00015365437138825655
results_official_low_ft19_alpha_a1000,results_official_low_ft19_alpha_a1000,shapenet/04074963/a6a121234c2077d6dcd16fe97fafc2c6,shapenet,04074963,61.87693192634893,80.43267533601639,71.15480363118266,8.569732720740364e-05,0.00022479126559762311,3.0272069125203416e-05,0.00015470724611077458
results_official_low_ft19_alpha_a1000,results_official_low_ft19_alpha_a1000,shapenet/04074963/b1a97d944c1b3fa2357f57aad9e1b3cc,shapenet,04074963,56.94123819379825,78.69134975981466,67.81629397680645,5.935235091827318e-05,0.0001378403568254131,1.8469510905561037e-05,8.667611837154254e-05
results_official_low_ft19_alpha_a1000,results_official_low_ft19_alpha_a1000,shapenet/04074963/b2c79f7add7cb56ac03df0bb156692e3,shapenet,04074963,76.30021488101788,89.47219183075606,82.88620335588698,9.65669190872347e-05,0.00040745904911133706,3.4370408684480935e-05,0.00032647259649820626
results_official_low_ft19_alpha_a1000,results_official_low_ft19_alpha_a1000,shapenet/04074963/b9714784de07ad31cae0e78ad4bea7bf,shapenet,04074963,51.08527405488217,67.92438925441158,59.50483165464688,0.00015993827558577814,0.0003269736720292134,7.613083289470524e-05,0.00023734803835395724
results_official_low_ft19_alpha_a1000,results_official_low_ft19_alpha_a1000,shapenet/04074963/c21ec53c8531344b8ef01232dadbdf7f,shapenet,04074963,42.11616954179167,65.76567244629071,53.94092099404119,8.895246840606338e-05,0.00015367412229272967,2.7250998755334876e-05,7.960138464113697e-05
results_official_low_ft19_alpha_a1000,results_official_low_ft19_alpha_a1000,shapenet/04074963/c72ecbad07876e71ab0467582043bd43,shapenet,04074963,44.85811589111924,72.93837394340655,58.89824491726289,4.775627617830236e-05,8.66061741452376e-05,1.1934621397813316e-05,4.4101641833549365e-05
results_official_low_ft19_alpha_a1000,results_official_low_ft19_alpha_a1000,shapenet/04074963/cc5571508716b1e5808951ff5fb582ac,shapenet,04074963,62.43038878926534,83.93325188902894,73.18182033914714,6.969751624490226e-05,0.00018551567077432994,1.9226017684559338e-05,0.00011966340389335528
results_official_low_ft19_alpha_a1000,results_official_low_ft19_alpha_a1000,shapenet/04074963/cc846e66cbfe697bffb5024c146ec04e,shapenet,04074963,49.832075087324,73.7662397784241,61.79915743287405,6.060433379154484e-05,0.00012080295108285783,1.8286091290065087e-05,6.970442336751148e-05
results_official_low_ft19_alpha_a1000,results_official_low_ft19_alpha_a1000,shapenet/04074963/cd0c46f23b28b94ce56eff8fe87c1176,shapenet,04074963,75.60955231902683,88.39626062913477,82.0029064740808,8.65074797511274e-05,0.0003546777036758178,3.327604281366803e-05,0.0002867699950002134
results_official_low_ft19_alpha_a1000,results_official_low_ft19_alpha_a1000,shapenet/04074963/d9ca2dcaf1d9d850dc605801df3f66ec,shapenet,04074963,61.12179132391831,81.0674376044127,71.0946144641655,0.00013239674801308475,0.0003405423051153504,4.45992081949953e-05,0.00023556879023090005
results_official_low_ft19_alpha_a1000,results_official_low_ft19_alpha_a1000,shapenet/04074963/dd110b09266edec5fdcb551a4a7a3f9f,shapenet,04074963,53.86844267999865,79.33155721509284,66.59999994754574,9.731355024190569e-05,0.0002109478974812612,2.4804157874314114e-05,0.00012000980495940894
results_official_low_ft19_alpha_a1000,results_official_low_ft19_alpha_a1000,shapenet/04074963/e08c8823d837fceeb2b53d011d5b25b,shapenet,04074963,66.410945387433,82.97803805670665,74.69449172206983,0.000166672326487717,0.0004962102339890158,6.13346928730607e-05,0.00036032681236974895
results_official_low_ft19_alpha_a1000,results_official_low_ft19_alpha_a1000,shapenet/04074963/e739278e9039922dff7f69173a1ae6d4,shapenet,04074963,54.90671340168163,72.72183947820494,63.814276439943285,0.00014633320768273392,0.00032451218068498694,5.997173866489902e-05,0.00021985257626511157
results_official_low_ft19_alpha_a1000,results_official_low_ft19_alpha_a1000,shapenet/04074963/f3366e751820f0f77e1c85c5c15da7fb,shapenet,04074963,55.34966529189098,82.31079645973834,68.83023087581466,7.278597362315287e-05,0.00016301327660581702,1.5579533283016644e-05,8.80736843100749e-05
results_official_low_ft19_alpha_a1000,results_official_low_ft19_alpha_a1000,shapenet/04074963/f677657b2cd55f930d48ff455dd1223,shapenet,04074963,64.89869480121614,79.23596798631367,72.0673313937649,0.00012544576685506224,0.0003573820578597986,5.677206354448572e-05,0.00027341541135683656
